id,name,wikiUrl,imageRemote,imageLocal,effect,prerequisite,category
adrenaline-warboots,Adrenaline Warboots,https://roguetrader.wiki.fextralife.com/Adrenaline+Warboots,/file/Rogue-Trader/adrenaline_warboots_leg_armor_warhammer_40k_rogue_trader_wiki_guide_128px.png,boots-images/adrenaline_warboots_leg_armor_warhammer_40k_rogue_trader_wiki_guide_128px.png,The wearer gains +(wearer's PER bonus x 2)% dodge against enemies under the effect of Expose Weakness.,,boots
astral-currents,Astral Currents,https://roguetrader.wiki.fextralife.com/Astral+Currents,,,"The wearer gains +20 MP in the first round of combat. Their movement cost is not reduced by threatening areas.
Also, the wearer's movement does not trigger attacks of opportunity during this round.",,boots
battle-psyker-boots,Battle-Psyker Boots,https://roguetrader.wiki.fextralife.com/Battle-Psyker+Boots,/file/Rogue-Trader/battle-psyker_boots_leg_armor_warhammer_40k_rogue_trader_wiki_guide_128px.png,boots-images/battle-psyker_boots_leg_armor_warhammer_40k_rogue_trader_wiki_guide_128px.png,The wearer gains PER bonus% dodge until the start of their next turn for each enemy affected by their psy-power or psyker staff attack. Stacks.,,boots
blitz-boots,Blitz Boots,https://roguetrader.wiki.fextralife.com/Blitz+Boots,/file/Rogue-Trader/blitz_boots_leg_armor_warhammer_40k_rogue_trader_wiki_guide_128px.png,boots-images/blitz_boots_leg_armor_warhammer_40k_rogue_trader_wiki_guide_128px.png,The wearer gains a +4 bonus to damage against enemies who have no adjacent allies. The range of the wearer's Dash and Charge abilities is increased by +1 cell.,,boots
boots-of-victory,Boots of Victory,https://roguetrader.wiki.fextralife.com/Boots+of+Victory,/file/Rogue-Trader/__image__,,"Whenever the wearer performs a heroic act, they recover all their wounds and gain +2 AP this turn.",,boots
breezecatcher-boots,Breezecatcher Boots,https://roguetrader.wiki.fextralife.com/Breezecatcher+Boots,/file/Rogue-Trader/breezecatcher_boots_leg_armor_warhammer_40k_rogue_trader_wiki_guide_128px.png,boots-images/breezecatcher_boots_leg_armor_warhammer_40k_rogue_trader_wiki_guide_128px.png,"Whenever the wearer moves through a cell occupied by an enemy, the wearer gains +15% dodge against that enemy's attacks until the wearer's next turn.",,boots
bruiser-boots,Bruiser Boots,https://roguetrader.wiki.fextralife.com/Bruiser+Boots,/file/Rogue-Trader/brusier_boots_leg_armor_warhammer_40k_rogue_trader_wiki_guide_128px.png,boots-images/brusier_boots_leg_armor_warhammer_40k_rogue_trader_wiki_guide_128px.png,"Whenever the wearer performs an area attack, they instantly provoke attacks of opportunity from all adjacent enemies.
The wearer gains +TGH bonus temporary wounds for each attack of opportunity provoked by an area attack.",,boots
cursed-boots,Cursed Boots,https://roguetrader.wiki.fextralife.com/Cursed+Boots,/file/Rogue-Trader/cursed_boots_boots_leg_armor_warhammer_40k_rogue_trader_wiki_guide_128px.png,boots-images/cursed_boots_boots_leg_armor_warhammer_40k_rogue_trader_wiki_guide_128px.png,"Whenever the wearer ends their turn, they deal 1 warp damage to each adjacent creature and to the wearer themselves.
The wearer also deals an additional +Conviction - Heretical rank warp damage to enemies.",,boots
death-world-warboots,Death World Warboots,https://roguetrader.wiki.fextralife.com/Death+World+Warboots,/file/Rogue-Trader/death_world_warboots_leg_armor_warhammer_40k_rogue_trader_wiki_guide_128px.png,boots-images/death_world_warboots_leg_armor_warhammer_40k_rogue_trader_wiki_guide_128px.png,These boots grant their wearer a +15% dodge reduction bonus for attacks with melee weapons.,,boots
disciple-s-boots,Disciple's Boots,https://roguetrader.wiki.fextralife.com/Disciple's+Boots,/file/Rogue-Trader/disciples_boots_leg_armor_warhammer_40k_rogue_trader_wiki_guide_128px.png,boots-images/disciples_boots_leg_armor_warhammer_40k_rogue_trader_wiki_guide_128px.png,The wearer gains + (wearer's PER bonus x2)% dodge against enemies under the effect of Expose Weakness.,,boots
dynamo-boots,Dynamo Boots,https://roguetrader.wiki.fextralife.com/Dynamo+Boots,/file/Rogue-Trader/dynamo_boots_leg_armor_warhammer_40k_rogue_trader_wiki_guide_128px.png,boots-images/dynamo_boots_leg_armor_warhammer_40k_rogue_trader_wiki_guide_128px.png,Increase the wearers' movement points by +3.,,boots
enforcer-corrupted-boots,Enforcer Corrupted Boots,https://roguetrader.wiki.fextralife.com/Enforcer+Corrupted+Boots,/file/Rogue-Trader/enforcer_corrupted_boots_leg_armor_warhammer_40k_rogue_trader_wiki_guide_128px.png,boots-images/enforcer_corrupted_boots_leg_armor_warhammer_40k_rogue_trader_wiki_guide_128px.png,"Requires Heretical--Votary
The wearer is always slowed but immune to the immobilised effect.
Targets hit by the wearer's melee attacks fall prone for 1 turn if they fail a Toughness resistance test with a -(5 x Heretical rank) penalty. If passed, the target becomes slowed for 1 turn instead.",Heretical - Votary,boots
ergo-boots,Ergo Boots,https://roguetrader.wiki.fextralife.com/Ergo+Boots,/file/Rogue-Trader/ergo_boots_leg_armor_warhammer_40k_rogue_trader_wiki_guide_128px.png,boots-images/ergo_boots_leg_armor_warhammer_40k_rogue_trader_wiki_guide_128px.png,Increase the wearer's Agility by +5 and Athetics by +10.,,boots
expeditionary-footwear,Expeditionary Footwear,https://roguetrader.wiki.fextralife.com/Expeditionary+Footwear,/file/Rogue-Trader/expeditionary_footwear_leg_armor_warhammer_40k_rogue_trader_wiki_guide_128px.png,boots-images/expeditionary_footwear_leg_armor_warhammer_40k_rogue_trader_wiki_guide_128px.png,"Whenever the wearer uses a Navigator power, the again +15% dodge until the end of the round. Stacks.",,boots
hungering-mind,Hungering Mind,https://roguetrader.wiki.fextralife.com/Hungering+Mind,/file/Rogue-Trader/hungering_mind_leg_armor_warhammer_40k_rogue_trader_wiki_guide_128px.png,boots-images/hungering_mind_leg_armor_warhammer_40k_rogue_trader_wiki_guide_128px.png,The power of burning effects inflicted by the wearer is increased by +1 for each enemy affected by the wearer's area attacks until the end of combat. This bonus stacks.,,boots
intendant-boots,Intendant Boots,https://roguetrader.wiki.fextralife.com/Intendant+Boots,/file/Rogue-Trader/intendant_boots_leg_armor_warhammer_40k_rogue_trader_wiki_guide_128px.png,boots-images/intendant_boots_leg_armor_warhammer_40k_rogue_trader_wiki_guide_128px.png,"Whenever the wearer uses a consumable item, they gain +2 MP and +20% dodge until the start of their next turn.",,boots
lightweight-boots,Lightweight Boots,https://roguetrader.wiki.fextralife.com/Lightweight+Boots,/file/Rogue-Trader/lightwight_boots_leg_armor_warhammer_40k_rogue_trader_wiki_guide_128px.png,boots-images/lightwight_boots_leg_armor_warhammer_40k_rogue_trader_wiki_guide_128px.png,The wearer of these boots gains +STR bonus % parry while wearing a light amour.,,boots
pneumo-boots,Pneumo Boots,https://roguetrader.wiki.fextralife.com/Pneumo+Boots,/file/Rogue-Trader/pneumo_boots_leg_armor_warhammer_40k_rogue_trader_wiki_guide_128px.png,boots-images/pneumo_boots_leg_armor_warhammer_40k_rogue_trader_wiki_guide_128px.png,Using the Charge ability costs -1 AP less.,,boots
psyker-s-footwear,Psyker's Footwear,https://roguetrader.wiki.fextralife.com/Psyker's+Footwear,/file/Rogue-Trader/psykers_footwear_leg_armor_warhammer_40k_rogue_trader_wiki_guide_128px.png,boots-images/psykers_footwear_leg_armor_warhammer_40k_rogue_trader_wiki_guide_128px.png,These boots grant their wearer +3% dodge until the end of combat for each psy power they use. Stacks.,,boots
pyromanic-boots,Pyromanic Boots,https://roguetrader.wiki.fextralife.com/Pyromanic+Boots,/file/Rogue-Trader/pyromaniac_boots_leg_armor_warhammer_40k_rogue_trader_wiki_guide_128px.png,boots-images/pyromaniac_boots_leg_armor_warhammer_40k_rogue_trader_wiki_guide_128px.png,"The wearer can't suffer the burning effect by walking over the burning cells.
The wearer inflicts +3 additional stacks of burning whenever they stand on burning cells.",,boots
recoil-warboots,Recoil Warboots,https://roguetrader.wiki.fextralife.com/Recoil+Warboots,/file/Rogue-Trader/recoil_warboots_leg_armor_warhammer_40k_rogue_trader_wiki_guide_128px.png,boots-images/recoil_warboots_leg_armor_warhammer_40k_rogue_trader_wiki_guide_128px.png,"Whenever the wearer attacks an enemy behind cover with a ranged attack, cover efficiency is decreased by -40% for that attack.
-15 recoil",,boots
rallying-boots,Rallying Boots,https://roguetrader.wiki.fextralife.com/Rallying+Boots,/file/Rogue-Trader/rallying_boots_leg_armor_warhammer_40k_rogue_trader_wiki_guide_128px.png,boots-images/rallying_boots_leg_armor_warhammer_40k_rogue_trader_wiki_guide_128px.png,"After the wearer uses Following!, the wearer's allies gain a +33% bonus to damage on their next attack for each ally within a 2-cell radius from the wearer.",,boots
sharpshooter-boots,Sharpshooter Boots,https://roguetrader.wiki.fextralife.com/Sharpshooter+Boots,/file/Rogue-Trader/sharpshooter_boots_leg_armor_warhammer_40k_rogue_trader_wiki_guide_128px.png,boots-images/sharpshooter_boots_leg_armor_warhammer_40k_rogue_trader_wiki_guide_128px.png,"Whenever the wearer performs a single-shot ranged attack from any cover, this attack gains +(Awareness)/4) armour penetration.",,boots
spiked-boots,Spiked Boots,https://roguetrader.wiki.fextralife.com/Spiked+Boots,/file/Rogue-Trader/spiked_boots_leg_armor_warhammer_40k_rogue_trader_wiki_guide_128px.png,boots-images/spiked_boots_leg_armor_warhammer_40k_rogue_trader_wiki_guide_128px.png,"At the start of the combat, the wearer inflicts bleeding (5) on themselves. Whenever the wearer performs an area melee attack, they inflict bleeding (3) on all hit creatures.
This area melee attack also deals +(5 x wearer's bleeding level)(% additional damage.",,boots
sororitas-boots,Sororitas Boots,https://roguetrader.wiki.fextralife.com/Sororitas+Boots,/file/Rogue-Trader/sororitas_boots_leg_armor_warhammer_40k_rogue_trader_wiki_guide_128px.png,boots-images/sororitas_boots_leg_armor_warhammer_40k_rogue_trader_wiki_guide_128px.png,The wearer raises momentum to 175 whenever they kill 5 enemies in a row in one turn.,,boots
stalking-boots,Stalking Boots,https://roguetrader.wiki.fextralife.com/Stalking+Boots,,,"If the wearer has melee weapons equipped in both hands, their Slash ability makes an additional melee attack with the secondary weapon.",,boots
stalwart-boots,Stalwart Boots,https://roguetrader.wiki.fextralife.com/Stalwart+Boots,/file/Rogue-Trader/stalwart_boots_leg_armor_warhammer_40k_rogue_trader_wiki_guide_128px.png,boots-images/stalwart_boots_leg_armor_warhammer_40k_rogue_trader_wiki_guide_128px.png,The wearer and adjacent allies cannot fall prone and become immune to forced movement effects.,,boots
unyielding-vanguard-boots,Unyielding Vanguard Boots,https://roguetrader.wiki.fextralife.com/Unyielding+Vanguard+Boots,/file/Rogue-Trader/unyielding_vaguard_boots_leg_armor_warhammer_40k_rogue_trader_wiki_guide_128px.png,boots-images/unyielding_vaguard_boots_leg_armor_warhammer_40k_rogue_trader_wiki_guide_128px.png,All allies in a 2-cell radius around the wearer gain a +40% bonus to resolve from the Unyielding Beacon ability instead of the original bonus.,,boots
warmonger-boots,Warmonger Boots,https://roguetrader.wiki.fextralife.com/Warmonger+Boots,/file/Rogue-Trader/warmonger_boots_leg_armor_warhammer_40k_rogue_trader_wiki_guide_128px.png,boots-images/warmonger_boots_leg_armor_warhammer_40k_rogue_trader_wiki_guide_128px.png,"Whenever the wearer kills 2 or more enemies with a single attack, the attack doesn't spend all of the wearer's MP.",,boots
acrobat-s-greaves,Acrobat's Greaves,https://roguetrader.wiki.fextralife.com/Acrobat's+Greaves,,,"At the start of combat, the wearer gains stacks of acrobatic trick equal to their MP. These stacks can be used until the end of combat.",,boots
arch-militant-s-boots,Arch-Militant's Boots,https://roguetrader.wiki.fextralife.com/Arch-Militant's+Boots,,,"Whenever the wearer performs a melee attack after a ranged attack, the target of the melee attack should pass a Toughness resistance test with a -15 penalty or get knocked prone.",,boots
astartes-power-boots,Astartes Power Boots,https://roguetrader.wiki.fextralife.com/Astartes+Power+Boots,,,The Kick ability costs 0 AP and deals an additional XX damage.,,boots
bladed-boots,Bladed Boots,https://roguetrader.wiki.fextralife.com/Bladed+Boots,,,"Whenever the wearer hits an opening with the Charge, Slash, or Danse Macabre abilities, they inflict bleeding (10) on the target.",,boots
bladedancer-s-greaves,Bladedancer's Greaves,https://roguetrader.wiki.fextralife.com/Bladedancer's+Greaves,,,Moving through cells affected by Raining Blood or blood phial costs the wearer -50% MP less.,,boots
bladedancer-s-light-greaves,Bladedancer's Light Greaves,https://roguetrader.wiki.fextralife.com/Bladedancer's+Light+Greaves,,,Moving through cells affected by Raining Blood or blood phial costs the wearer 0 MP.,,boots
boots-of-decay,Boots of Decay,https://roguetrader.wiki.fextralife.com/Boots+of+Decay,,,"Each time the wearer uses a major psychic power, all enemies in their line of sight lose 30% of their deflection until the start of the wearer's next turn.",,boots
boots-of-kasrkin,Boots of Kasrkin,https://roguetrader.wiki.fextralife.com/Boots+of+Kasrkin,,,"When in cover, the wearer has 100% cover efficiency against area attacks but never dodges them. Also, they suffer -50% less damage from area attacks. Whenever the wearer uses a grenade and it hits at least 3 enemies at once for the first time in combat, this action does not spend AP.",,boots
breacher-boots,Breacher Boots,https://roguetrader.wiki.fextralife.com/Breacher+Boots,,,Whenever the wearer's area attack damages at least two enemies within a 2-cell radius from the wearer the wearer gains the Kick ability costing 0 AP to use until the end of their turn.,,boots
caligae-of-saint-keefe,Caligae of Saint Keefe,https://roguetrader.wiki.fextralife.com/Caligae+of+Saint+Keefe,,,"Whenever the wearer performs a heroic act or a desperate measure, they recover all their wounds and gain +2 AP this turn.",,boots
chirurgeon-s-boots,Chirurgeon's Boots,https://roguetrader.wiki.fextralife.com/Chirurgeon's+Boots,,,"At the beginning of combat, the wearer gets the Medikit and Onslaught abilities, which reproduce the effect of the medikit and onslaught consumables, costing 0 AP. Each of these abilities can only be used once per combat.",,boots
commissar-boots,Commissar Boots,https://roguetrader.wiki.fextralife.com/Commissar+Boots,,,"Whenever the wearer chooses an ally as the target of their ability, the wearer immediately gains +XX MP. The targeted ally gains +XX MP at the start of this ally's next turn.",,boots
dancing-on-blood,Dancing on Blood,https://roguetrader.wiki.fextralife.com/Dancing+on+Blood,,,"Once per turn, after the wearer uses Blood Oath or Oath of Vengeance, they gain +1 use of Dash, costing 0 AP, until the end of their turn. After using this Dash ability. the wearer regains MP equal to their resolve.",,boots
deadly-dancer-boots,Deadly Dancer Boots,https://roguetrader.wiki.fextralife.com/Deadly+Dancer+Boots,,,"Whenever the wearer's MP reach 0, the wearer deals XX impact damage to all adjacent enemies.",,boots
defensive-boots,Defensive Boots,https://roguetrader.wiki.fextralife.com/Defensive+Boots,,,"If the wearer did not spend MP during their turn, they double their cover efficiency in half-cover until the end of the wearer's next turn.",,boots
enforcer-light-boots,Enforcer Light Boots,https://roguetrader.wiki.fextralife.com/Enforcer+Light+Boots,,,"Whenever the wearer parries an attack, they immediately strike back at the attacker. If this attack deals damage, the wearer performs Kick to push the enemy away.",,boots
fencing-boots,Fencing Boots,https://roguetrader.wiki.fextralife.com/Fencing+Boots,,,"The wearer gains +XX% parry when using swords. Whenever the wearer parries with a sword, they immediately counter attack, causing the attacking enemy to become staggered. If the attacker is staggered, the wearer's parry is increased by +XX%.",,boots
freerunner-boots,Freerunner Boots,https://roguetrader.wiki.fextralife.com/Freerunner+Boots,,,The wearer becomes immune to the slowed and immobilised effects.,,boots
greaves-of-the-black-archon,Greaves of the Black Archon,https://roguetrader.wiki.fextralife.com/Greaves+of+the+Black+Archon,,,"Every time the wearer scores a critical hit with a melee weapon, they restore (Agility bonus / 2) wounds and gain +2 MP. +15% critical damage.",,boots
heavy-breacher-s-boots,Heavy Breacher's Boots,https://roguetrader.wiki.fextralife.com/Heavy+Breacher's+Boots,,,"After the wearer makes an area attack, they gain +4 MP and can continue their movement.",,boots
improved-lightweight-boots,Improved Lightweight Boots,https://roguetrader.wiki.fextralife.com/Improved+Lightweight+Boots,,,The wearer of these boots gains +XX% parry and re-rolls failed dodge tests.,,boots
martyr-boots,Martyr Boots,https://roguetrader.wiki.fextralife.com/Martyr+Boots,,,"The wearer can move through cells adjacent to enemies spending the normal amount of movement points. Also, the wearer gains momentum equal to their resolve each time they suffer damage from attacks of opportunity.",,boots
navy-breacher-boots,Navy Breacher Boots,https://roguetrader.wiki.fextralife.com/Navy+Breacher+Boots,,,"When the wearer's area attack damages at least two enemies within a 2-cell radius from the wearer for the first time during the round, the wearer gains +2 AP, and this attack does not count toward their attack limit. The wearer then becomes immobilised until the start of their next turn.",,boots
pyromaniac-boots,Pyromaniac Boots,https://roguetrader.wiki.fextralife.com/Pyromaniac+Boots,,,The wearer cannot suffer the burning effect by walking over burning cells. The wearer inflicts +3 additional stacks of burning whenever they stand on burning cells.,,boots
reinforced-boots,Reinforced Boots,https://roguetrader.wiki.fextralife.com/Reinforced+Boots,,,These boots grant their wearer +5 Toughness. Collision damage caused by the wearer is increased by +XX.,,boots
skirmisher-boots,Skirmisher Boots,https://roguetrader.wiki.fextralife.com/Skirmisher+Boots,,,"Whenever the wearer deals damage to an enemy, the wearer has a 25% chance to gain 2 MP.",,boots
swift-shadows,Swift Shadows,https://roguetrader.wiki.fextralife.com/Swift+Shadows,,,"Once per turn, after the wearer uses Blood Oath or Oath of Vengeance, they gain +1 use of Dash, costing 0 AP, until the end of their turn.",,boots
tactical-boots,Tactical Boots,https://roguetrader.wiki.fextralife.com/Tactical+Boots,,,"Whenever an enemy attempts to make an attack of opportunity against the wearer, that enemy is pushed back by 1 cell before the attack is able to hit the wearer.",,boots
tracking-boots,Tracking Boots,https://roguetrader.wiki.fextralife.com/Tracking+Boots,,,"Whenever the wearer's Hot on the Trail extra turn is triggered, the wearer gains + 1 AP and +AGI bonus MP for this extra turn.",,boots
void-veteran-boots,Void Veteran Boots,https://roguetrader.wiki.fextralife.com/Void+Veteran+Boots,,,"Whenever the wearer kills an enemy with their melee attack, they immediately gain +1 use of Charge costing 0 AP (even if they do not have this ability).",,boots
wear-resistant-boots,Wear-Resistant Boots,https://roguetrader.wiki.fextralife.com/Wear-Resistant+Boots,,,Grant +5 Agility and +XX% dodge against attacks of opportunity.,,boots
windrunner-boots,Windrunner Boots,https://roguetrader.wiki.fextralife.com/Windrunner+Boots,,,"Whenever an enemy moves to a cell adjacent to the wearer for the first time in round, the wearer immediately gains an extra turn with 3 MP and 0 AP. The wearer does not provoke attacks of opportunity during this turn.",,boots