 ,,,,,,,,,,,,,,,,,,,,,,,,,,,,,,,,,,,,
,"L
V
L",,"L
V
L",,,,,,,,,,HEALING,DAMAGE,,,,,ADDITIONAL,SAVE,,,,,,,,,,,,,,,,:)
,,,,SPELL NAME LABEL,,SPELL NAME,,SCHL,,,,,DAMAGE,TAGS,,,CONDITION,D,TYPE,1/2,,,,,,,,,,,,,,,,
,,,,,,,,FILTERS CAN BE CREATED BY GOING TO DATA > FILTER VIEWS > CREATE NEW TEMPORARY FILTER. SET THE DATA RANGE TO F5:AK229,,,,,,,,,,,,,,,,,,,,,,,,,,,,
,,,,,,,,,,,,,,,,,,,,,,,,,,,,,,,,,,,,
"
",0,FALSE,0,ACID SPLASH,Acid Splash,ACID SPLASH,,CONJ,,,,,1D6 /2D6 / 3D6,ACID,18m,2m,,,,FALSE,DEX,,TRUE,FALSE,FALSE,FALSE,FALSE,FALSE,FALSE,TRUE,TRUE,FALSE,TRUE,TRUE,,
"
",0,FALSE,0,BLADE WARD,Blade Ward,BLADE WARD,,ABJU,,,,,,,Self,,,2,RESISTANCE,FALSE,,,TRUE,TRUE,FALSE,FALSE,TRUE,FALSE,FALSE,TRUE,TRUE,FALSE,TRUE,TRUE,,
"
",0,FALSE,0,BONE CHILL,Bone Chill,BONE CHILL,,NECR,,,,,1D8 / 2D8 / 3D8,NECROTIC,18m,,BONE CHILLED,1,,FALSE,,,FALSE,TRUE,TRUE,TRUE,TRUE,FALSE,FALSE,TRUE,TRUE,TRUE,TRUE,TRUE,,
"
",0,FALSE,0,BOOMING BLADE,Booming Blade,BOOMING BLADE,,EVOC,,,,,"1D8 / 2D8 / 3D8  
ON MOVE",THUNDER,"Weapon
Range",,BOOMING BLADE,,,FALSE,,,FALSE,FALSE,FALSE,FALSE,TRUE,FALSE,FALSE,TRUE,TRUE,FALSE,TRUE,TRUE,,
"
",0,FALSE,0,BURSTING SINEW,Bursting Sinew,BURSTING SINEW,,NECR,,,,,1D10 / 2D10 / 3D10,PIERCING,18m,3m,,,,FALSE,DEX,,FALSE,FALSE,TRUE,FALSE,FALSE,FALSE,FALSE,FALSE,TRUE,FALSE,FALSE,TRUE,,
"
",0,FALSE,0,DANCING LIGHTS,Dancing Lights,DANCING LIGHTS,,EVOC,,,,,,,18m,,,,,FALSE,,,TRUE,FALSE,FALSE,TRUE,TRUE,FALSE,FALSE,TRUE,TRUE,FALSE,FALSE,TRUE,,
"
",0,FALSE,0,ELDRITCH BLAST,Eldritch Blast,ELDRITCH BLAST,,EVOC,,,,,1D10 / 2D10 / 3D10,FORCE,18m,,,,,FALSE,,,FALSE,TRUE,FALSE,FALSE,FALSE,FALSE,FALSE,FALSE,FALSE,FALSE,TRUE,FALSE,,
"
",0,FALSE,0,FIRE BOLT,Fire Bolt,FIRE BOLT,,EVOC,,,,,1D8 / 2D8 / 3D8,FIRE,18m,,,,,FALSE,,,FALSE,TRUE,FALSE,FALSE,TRUE,FALSE,FALSE,TRUE,TRUE,TRUE,FALSE,TRUE,,
"
",0,FALSE,0,FRIENDS,Friends,FRIENDS,,ENCH,,,,,,,9m,,FRIENDS,10,,FALSE,,,TRUE,FALSE,FALSE,FALSE,TRUE,FALSE,FALSE,TRUE,TRUE,FALSE,TRUE,TRUE,,
"
",0,FALSE,0,GUIDANCE,Guidance,GUIDANCE,,DIVI,,,,,,,1.5m,,GUIDANCE,10,SKILLS,FALSE,,,FALSE,FALSE,TRUE,TRUE,FALSE,FALSE,FALSE,FALSE,FALSE,FALSE,FALSE,FALSE,,
"
",0,FALSE,0,LIGHT,Light,LIGHT,,EVOC,,,,,,,1.5m,,,LR,,FALSE,,,TRUE,FALSE,TRUE,FALSE,TRUE,FALSE,FALSE,TRUE,TRUE,FALSE,FALSE,TRUE,,
"
",0,FALSE,0,MAGE HAND,Mage Hand,MAGE HAND,,CONJ,,,,,,,18m,,,,,FALSE,,,TRUE,FALSE,FALSE,FALSE,TRUE,FALSE,FALSE,TRUE,TRUE,FALSE,TRUE,TRUE,,
"
",0,FALSE,0,MINOR ILLUSION,Minor Illusion,MINOR ILLUSION,,ILLU,,,,,,,18m,,,,CONTROL,FALSE,,,TRUE,FALSE,FALSE,FALSE,TRUE,FALSE,FALSE,TRUE,TRUE,FALSE,TRUE,TRUE,,
"
",0,FALSE,0,POISON SPRAY,Poison Spray,POISON SPRAY,,CONJ,,,,,1D12 / 2D12 / 3D12,POISON,3m,,,,,FALSE,CON,,FALSE,FALSE,TRUE,TRUE,TRUE,FALSE,FALSE,TRUE,TRUE,TRUE,TRUE,TRUE,,
"
",0,FALSE,0,PRODUCE FLAME,Produce Flame,PRODUCE FLAME,,CONJ,,,,,1D8 / 2D8 / 3D8,FIRE,Self,,,1,,FALSE,,,FALSE,FALSE,TRUE,TRUE,FALSE,FALSE,FALSE,FALSE,FALSE,FALSE,FALSE,FALSE,,
"
",0,FALSE,0,RAY OF FROST,Ray of Frost,RAY OF FROST,,EVOC,,,,,1D8 / 2D8 / 3D8,COLD,18m,,"RAY OF 
FROST",1,,FALSE,,,FALSE,TRUE,FALSE,FALSE,TRUE,FALSE,FALSE,TRUE,TRUE,TRUE,FALSE,TRUE,,
"
",0,FALSE,0,RESISTANCE,Resistance,RESISTANCE,,ABJU,,,,,,,1.5m,,,10,SAVES,FALSE,,,FALSE,FALSE,TRUE,TRUE,FALSE,FALSE,FALSE,FALSE,FALSE,FALSE,TRUE,FALSE,,
"
",0,FALSE,0,SACRED FLAME,Sacred Flame,SACRED FLAME,,EVOC,,,,,1D8 / 2D8 / 3D8,RADIANT,18m,,,,,FALSE,DEX,,FALSE,TRUE,TRUE,FALSE,FALSE,FALSE,TRUE,FALSE,FALSE,TRUE,FALSE,FALSE,,
"
",0,FALSE,0,SHILLELAGH,Shillelagh,SHILLELAGH,,TRAN,,,,,"(1D8 / 2D8 / 3D8) 
+ WIS",BLUDGEON,Self,,,10,,FALSE,,,FALSE,FALSE,TRUE,TRUE,FALSE,FALSE,FALSE,FALSE,FALSE,FALSE,FALSE,FALSE,,
"
",0,FALSE,0,SHOCKING GRASP,Shocking Grasp,SHOCKING GRASP,,EVOC,,,,,1D8 / 2D8 / 3D8,LIGHTNING,1.5m,,"SHOCKING
GRASP",1,,FALSE,,,FALSE,FALSE,FALSE,FALSE,TRUE,FALSE,FALSE,TRUE,TRUE,TRUE,FALSE,TRUE,,
"
",0,FALSE,0,THAUMATURGY,Thaumaturgy,THAUMATURGY,,TRAN,,,,,,,Self,,THAUMATURGY,10,SKILLS,FALSE,,,FALSE,FALSE,TRUE,FALSE,FALSE,FALSE,FALSE,FALSE,FALSE,FALSE,FALSE,FALSE,,
"
",0,FALSE,0,THORN WHIP,Thorn Whip,THORN WHIP,,TRAN,,,,,1D6 / 2D6 / 3D6,PIERCING,9m,,,,,FALSE,,,FALSE,FALSE,TRUE,TRUE,FALSE,FALSE,FALSE,FALSE,FALSE,FALSE,FALSE,FALSE,,
"
",0,FALSE,0,TOLL THE DEAD,Toll the Dead,TOLL THE DEAD,,NECR,,,,,"1D8 / 2D8 / 3D8
1D4 / 2D4 / 3D4 
IF FULL LIFE",NECROTIC,18m,,,,,FALSE,WIS,,FALSE,FALSE,TRUE,FALSE,FALSE,FALSE,FALSE,FALSE,FALSE,FALSE,TRUE,TRUE,,
"
",0,FALSE,0,TRUE STRIKE,True Strike,TRUE STRIKE,,DIVI,,,,,,,18m,,,2,ADVANTAGE,FALSE,,,TRUE,FALSE,FALSE,FALSE,TRUE,FALSE,TRUE,TRUE,FALSE,TRUE,TRUE,TRUE,,
"
",0,FALSE,0,VICIOUS MOCKERY,Vicious Mockery,VICIOUS MOCKERY,,ENCH,,,,,1D4 / 2D4 / 3D4,PSYCHIC,18m,,"VICIOUS
MOCKERY",1,,FALSE,WIS,,TRUE,FALSE,FALSE,FALSE,FALSE,FALSE,FALSE,FALSE,FALSE,TRUE,FALSE,FALSE,,
"
",1,FALSE,1,ANIMAL FRIENDSHIP,Animal Friendship,ANIMAL FRIENDSHIP,,ENCH,,,,,,,18m,,CHARMED,10,,FALSE,,,TRUE,FALSE,TRUE,TRUE,FALSE,FALSE,TRUE,FALSE,FALSE,FALSE,FALSE,FALSE,,
"
",1,FALSE,1,ARMOUR OF AGATHYS,Armour of Agathys,ARMOUR OF AGATHYS,,ABJU,,,,,5*level WHEN HIT,COLD,Self,,,LR,"TEMP HP 
(5*level)",FALSE,,,FALSE,TRUE,FALSE,FALSE,FALSE,FALSE,FALSE,FALSE,FALSE,FALSE,TRUE,FALSE,,
"
",1,FALSE,1,ARMS OF HADAR,Arms of Hadar,ARMS OF HADAR,,CONJ,,,,,1D6 + 1D6*level,NECROTIC,Self,3m,"ARMS OF 
HADAR",1,,TRUE,STR,,FALSE,FALSE,FALSE,FALSE,FALSE,FALSE,FALSE,FALSE,FALSE,FALSE,TRUE,FALSE,,
"
",1,FALSE,1,BANE,Bane,BANE,,ENCH,,,,,,,9m,9m,BANE,10,,FALSE,,1,TRUE,FALSE,TRUE,TRUE,FALSE,TRUE,FALSE,FALSE,FALSE,FALSE,FALSE,FALSE,,
"
",1,FALSE,1,BLESS,Bless,BLESS,,ENCH,,,,,,,9m,9m,BLESS,10,SAVES,FALSE,,1,FALSE,TRUE,TRUE,FALSE,FALSE,TRUE,FALSE,FALSE,FALSE,FALSE,FALSE,FALSE,,
"
",1,FALSE,1,BURNING HANDS,Burning Hands,BURNING HANDS,,EVOC,,,,,2D6 + 1D6*level,FIRE,Self,5m (C),,,,TRUE,DEX,,FALSE,FALSE,TRUE,FALSE,TRUE,FALSE,FALSE,TRUE,TRUE,FALSE,TRUE,TRUE,,
"
",1,FALSE,1,CHARM PERSON,Charm Person,CHARM PERSON,,ENCH,,,,,,,18m,,CHARMED,10,,FALSE,,1,TRUE,FALSE,TRUE,TRUE,TRUE,FALSE,FALSE,TRUE,TRUE,TRUE,TRUE,TRUE,,
"
",1,FALSE,1,CHROMATIC ORB,Chromatic Orb,CHROMATIC ORB,,EVOC,,,,,"

1D8 + 1D8*level


2D8 + 1D8*level","ACID
COLD
FIRE
LIGHTNING
POISON
THUNDER",18m,,,,,FALSE,,,FALSE,TRUE,FALSE,FALSE,TRUE,FALSE,FALSE,TRUE,TRUE,TRUE,FALSE,TRUE,,
"
",1,FALSE,1,COLOUR SPRAY,Colour Spray,COLOUR SPRAY,,ILLU,,,,,,,Self,5m (C),BLINDED,1,CONTROL,FALSE,,,FALSE,FALSE,FALSE,FALSE,TRUE,FALSE,FALSE,TRUE,TRUE,FALSE,FALSE,TRUE,,
"
",1,FALSE,1,COMMAND,Command,COMMAND,,ENCH,,,,,,,18m,,,1,CONTROL,FALSE,WIS,1,FALSE,TRUE,TRUE,FALSE,FALSE,TRUE,FALSE,FALSE,FALSE,TRUE,TRUE,FALSE,,
"
",1,FALSE,1,COMPELLED DUEL,Compelled Duel,COMPELLED DUEL,,ENCH,,,,,,,9m,,"COMPELLED 
DUEL",3,,FALSE,WIS,,TRUE,FALSE,FALSE,FALSE,FALSE,TRUE,FALSE,FALSE,FALSE,TRUE,FALSE,FALSE,,
"
",1,FALSE,1,CREATE OR DESTROY WATER,Create or Destroy Water,CREATE OR DESTROY WATER,,TRAN,,,,,,,9m,9m,,3,,FALSE,,,FALSE,FALSE,TRUE,FALSE,FALSE,FALSE,FALSE,FALSE,TRUE,FALSE,FALSE,FALSE,,
"
",1,FALSE,1,CURE WOUNDS,Cure Wounds,CURE WOUNDS,,EVOC,,,,,1D8*level,,1.5m,,,,HEALING,FALSE,,,TRUE,FALSE,TRUE,TRUE,FALSE,TRUE,TRUE,FALSE,FALSE,TRUE,FALSE,FALSE,,
"
",1,FALSE,1,DISGUISE SELF,Disguise Self,DISGUISE SELF,,ILLU,,,,,,,Self,,DISGUISE SELF,LR,,FALSE,,,TRUE,FALSE,TRUE,FALSE,TRUE,FALSE,TRUE,TRUE,TRUE,FALSE,FALSE,TRUE,,
"
",1,FALSE,1,DISSONANT WHISPERS,Dissonant Whispers,DISSONANT WHISPERS,,ENCH,,,,,2D6 + 1D6*level,PSYCHIC,18m,,FRIGHTENED,2,CONTROL,TRUE,WIS,,TRUE,FALSE,FALSE,FALSE,FALSE,FALSE,FALSE,FALSE,FALSE,TRUE,TRUE,FALSE,,
"
",1,FALSE,1,DIVINE FAVOUR,Divine Favour,DIVINE FAVOUR,,EVOC,,,,,,,18m,,,3,,FALSE,,,FALSE,FALSE,TRUE,FALSE,FALSE,TRUE,FALSE,FALSE,FALSE,FALSE,FALSE,FALSE,,
"
",1,FALSE,1,ENHANCE LEAP,Enhance Leap,ENHANCE LEAP,,TRAN,,,,,,,1.5m,,JUMP,10,,FALSE,,,FALSE,FALSE,FALSE,FALSE,TRUE,FALSE,TRUE,TRUE,TRUE,FALSE,FALSE,TRUE,,
"
",1,FALSE,1,ENSNARING STRIKE,Ensnaring Strike,ENSNARING STRIKE,,CONJ,,,,,1D6*level,PIERCING,,,ENSNARED,,CONTROL,FALSE,STR,,FALSE,FALSE,FALSE,FALSE,FALSE,TRUE,TRUE,FALSE,FALSE,FALSE,FALSE,FALSE,,
"
",1,FALSE,1,ENTANGLE,Entangle,ENTANGLE,,CONJ,,,,,,,18m,6m,ENTANGLED,LR,CONTROL,FALSE,STR,,FALSE,TRUE,TRUE,TRUE,FALSE,FALSE,FALSE,FALSE,FALSE,FALSE,FALSE,FALSE,,
"
",1,FALSE,1,EXPEDITIOUS RETREAT,Expeditious Retreat,EXPEDITIOUS RETREAT,,TRAN,,,,,,,Self,,"EXPEDITIOUS
RETREAT",LR,,FALSE,,,FALSE,FALSE,FALSE,FALSE,TRUE,FALSE,FALSE,TRUE,TRUE,FALSE,TRUE,TRUE,,
"
",1,FALSE,1,FAERIE FIRE,Faerie Fire,FAERIE FIRE,,EVOC,,,,,,,18m,6m,FAIRIE FIRE,10,,FALSE,DEX,,TRUE,FALSE,TRUE,FALSE,FALSE,FALSE,FALSE,FALSE,FALSE,FALSE,TRUE,FALSE,,
"
",1,FALSE,1,FALSE LIFE,False Life,FALSE LIFE,,NECR,,,,,,,Self,,,LR,"TEMP HP
(2 + 5*level)",FALSE,,,FALSE,TRUE,FALSE,FALSE,TRUE,FALSE,FALSE,TRUE,TRUE,FALSE,FALSE,TRUE,,
"
",1,FALSE,1,FEATHER FALL,Feather Fall,FEATHER FALL,,TRAN,,,FALSE,,,,Self,9m,FEATHER FALL,10,,FALSE,,,TRUE,FALSE,FALSE,FALSE,TRUE,FALSE,FALSE,TRUE,TRUE,FALSE,FALSE,TRUE,,
"
",1,FALSE,1,FIND FAMILIAR,Find Familiar,FIND FAMILIAR,,CONJ,,,,,,,18m,,,,,FALSE,,,FALSE,FALSE,FALSE,FALSE,TRUE,FALSE,FALSE,TRUE,FALSE,FALSE,FALSE,TRUE,,
"
",1,FALSE,1,FOG CLOUD,Fog Cloud,FOG CLOUD,,CONJ,,,,,,,18m,6m,BLINDED,,CONTROL,TRUE,,,FALSE,FALSE,TRUE,TRUE,TRUE,FALSE,TRUE,TRUE,TRUE,FALSE,FALSE,TRUE,,
"
",1,FALSE,1,GOODBERRY,Goodberry,GOODBERRY,,TRAN,,,,,1D4,,1.5m,,,,HEALING,FALSE,,,FALSE,FALSE,FALSE,TRUE,FALSE,FALSE,TRUE,FALSE,FALSE,FALSE,FALSE,FALSE,,
"
",1,FALSE,1,GREASE,Grease,GREASE,,CONJ,,,,,,,18m,5m,PRONE,1,CONTROL,FALSE,DEX,,FALSE,FALSE,FALSE,FALSE,TRUE,FALSE,FALSE,TRUE,FALSE,FALSE,FALSE,TRUE,,
"
",1,FALSE,1,GUIDING BOLT,Guiding Bolt,GUIDING BOLT,,EVOC,,,,,2D6 + 1D6*level,RADIANT,18m,,GUIDING BOLT,2,,FALSE,,,FALSE,TRUE,TRUE,FALSE,FALSE,FALSE,FALSE,FALSE,FALSE,TRUE,FALSE,FALSE,,
"
",1,FALSE,1,HAIL OF THORNS,Hail of thorns,HAIL OF THORNS,,CONJ,,,,,1D10*level,PIERCING,"Weapon
Range",2m,,,,TRUE,DEX,,FALSE,FALSE,FALSE,FALSE,FALSE,FALSE,TRUE,FALSE,FALSE,FALSE,FALSE,FALSE,,
"
",1,FALSE,1,HEALING WORD,Healing Word,HEALING WORD,,EVOC,,,,,1D4*level,,18m,,,,HEALING,FALSE,,,TRUE,FALSE,TRUE,TRUE,FALSE,FALSE,FALSE,FALSE,FALSE,TRUE,FALSE,FALSE,,
"
",1,FALSE,1,HELLISH REBUKE,Hellish Rebuke,HELLISH REBUKE,,EVOC,,,,,1D10 + 1D10*level,FIRE,Self,,,,,TRUE,DEX,,FALSE,TRUE,FALSE,FALSE,FALSE,TRUE,FALSE,FALSE,FALSE,FALSE,TRUE,FALSE,,
"
",1,FALSE,1,HEROISM,Heroism,HEROISM,,ENCH,,,,,,,1.5m,,"HEROISM
FRIGHTENED",10,"TEMP HP
(5 PER TURN)",FALSE,,,TRUE,FALSE,FALSE,FALSE,FALSE,TRUE,FALSE,FALSE,FALSE,FALSE,FALSE,FALSE,,
"
",1,FALSE,1,HEX,Hex,HEX,,ENCH,,,,,1D6,NECROTIC,18m,,,,,FALSE,,,FALSE,TRUE,FALSE,FALSE,TRUE,FALSE,FALSE,FALSE,FALSE,FALSE,TRUE,FALSE,,
"
",1,FALSE,1,HUNTER'S MARK,Hunter's Mark,HUNTER'S MARK,,DIVI,,,,,1D6,PIERCING,18m,,,LR,,FALSE,,,FALSE,TRUE,FALSE,FALSE,FALSE,TRUE,FALSE,FALSE,FALSE,FALSE,FALSE,FALSE,,
"
",1,FALSE,1,ICE KNIFE,Ice Knife,ICE KNIFE,,CONJ,,,,,"1D10 
1D6 + 1D6*level","PIERCING
COLD",18m,2m,,,,TRUE,DEX,,FALSE,TRUE,FALSE,FALSE,TRUE,FALSE,FALSE,TRUE,TRUE,FALSE,FALSE,TRUE,,
"
",1,FALSE,1,INFLICT WOUNDS,Inflict Wounds,INFLICT WOUNDS,,NECR,,,,,2D10 + 1D10*level,NECROTIC,1.5m,,,,,FALSE,,,FALSE,FALSE,TRUE,FALSE,FALSE,TRUE,FALSE,FALSE,FALSE,TRUE,FALSE,FALSE,,
"
",1,FALSE,1,LONGSTRIDER,Longstrider,LONGSTRIDER,,TRAN,,,,,,,1.5m,,LONGSTRIDER,LR,,FALSE,,1,TRUE,FALSE,FALSE,TRUE,TRUE,FALSE,TRUE,TRUE,FALSE,FALSE,FALSE,TRUE,,
"
",1,FALSE,1,MAGE ARMOUR,Mage Armour,MAGE ARMOUR,,ABJU,,,,,,,1.5m,,MAGE ARMOUR,LR,,FALSE,,,FALSE,FALSE,FALSE,FALSE,TRUE,FALSE,FALSE,TRUE,TRUE,FALSE,FALSE,TRUE,,
"
",1,FALSE,1,MAGIC MISSILE,Magic Missile,MAGIC MISSILE,,EVOC,,,,,"(2D4+2)
(1D4+1)*level",FORCE,18m,,,,,TRUE,,,FALSE,TRUE,FALSE,FALSE,TRUE,FALSE,FALSE,TRUE,TRUE,FALSE,FALSE,TRUE,,
"
",1,FALSE,1,PROTECTION FROM EVIL AND GOOD,Protection from Evil and Good,PROTECTION FROM EVIL AND GOOD,,ABJU,,,,,,,1.5m,,"PROTECTION FROM
EVIL AND GOOD",LR,,FALSE,,,FALSE,FALSE,TRUE,FALSE,TRUE,TRUE,FALSE,TRUE,FALSE,FALSE,TRUE,TRUE,,
"
",1,FALSE,1,RAY OF SICKNESS,Ray of Sickness,RAY OF SICKNESS,,NECR,,,,,1D8 + 1D8*level,POISON,18m,,POISON,2,,FALSE,CON,,FALSE,FALSE,FALSE,FALSE,TRUE,FALSE,FALSE,TRUE,TRUE,TRUE,FALSE,TRUE,,
"
",1,FALSE,1,SANCTUARY,Sanctuary,SANCTUARY,,ABJU,,,,,,,18m,,SANCTUARY,10,,FALSE,,,FALSE,TRUE,FALSE,FALSE,FALSE,TRUE,FALSE,FALSE,FALSE,FALSE,FALSE,FALSE,,
"
",1,FALSE,1,SEARING SMITE,Searing Smite,SEARING SMITE,,EVOC,,,,,"1D6*level 
1D6 PER TURN",FIRE,"Weapon
Range",,SEARING SMITE,10,,FALSE,CON,,FALSE,FALSE,FALSE,FALSE,FALSE,TRUE,FALSE,FALSE,FALSE,FALSE,FALSE,FALSE,,
"
",1,FALSE,1,SHIELD,Shield,SHIELD,,ABJU,,,,,,,Self,,SHIELD,1,,FALSE,,,FALSE,FALSE,FALSE,FALSE,TRUE,FALSE,FALSE,TRUE,TRUE,FALSE,FALSE,TRUE,,
"
",1,FALSE,1,SHIELD OF FAITH,Shield of faith,SHIELD OF FAITH,,ABJU,,,,,,,18m,,"SHIELD OF 
FAITH",LR,,FALSE,,,FALSE,FALSE,TRUE,FALSE,FALSE,TRUE,FALSE,FALSE,FALSE,FALSE,FALSE,FALSE,,
"
",1,FALSE,1,SLEEP,Sleep,SLEEP,,ENCH,,,,,,,18m,6m,SLEEPING,2,CONTROL,FALSE,,,TRUE,FALSE,TRUE,FALSE,TRUE,FALSE,FALSE,TRUE,TRUE,FALSE,TRUE,TRUE,,
"
",1,FALSE,1,SPEAK WITH ANIMALS,Speak with Animals,SPEAK WITH ANIMALS,,DIVI,,,,,,,Self,,"SPEAK WITH
ANIMALS",LR,,FALSE,,,TRUE,FALSE,FALSE,TRUE,FALSE,TRUE,FALSE,FALSE,FALSE,FALSE,FALSE,FALSE,,
"
",1,FALSE,1,TASHA'S HIDEOUS LAUGHTER,Tasha's Hideous Laughter,TASHA'S HIDEOUS LAUGHTER,,ENCH,,,,,,,18m,,"HIDEOUS 
LAUGHTER",10,,FALSE,WIS,,TRUE,FALSE,FALSE,FALSE,TRUE,FALSE,FALSE,TRUE,FALSE,TRUE,TRUE,TRUE,,
"
",1,FALSE,1,THUNDEROUS SMITE,Thunderous Smite,THUNDEROUS SMITE,,EVOC,,,,,2D6,THUNDER,"Weapon
Range",,PRONE,1,,FALSE,,,FALSE,TRUE,FALSE,FALSE,FALSE,TRUE,FALSE,FALSE,FALSE,FALSE,FALSE,FALSE,,
"
",1,FALSE,1,THUNDERWAVE,Thunderwave,THUNDERWAVE,,EVOC,,,,,1D8 + 1D8*level,THUNDER,Self,5m (Cu),,,KNOCKBACK,TRUE,CON,,TRUE,FALSE,TRUE,TRUE,TRUE,FALSE,FALSE,TRUE,TRUE,FALSE,FALSE,TRUE,,
"
",1,FALSE,1,WITCH BOLT,Witch Bolt,WITCH BOLT,,EVOC,,,,,"1D12*level
1d12 PER TURN*",LIGHTNING,18m,,WITCH BOLT,1,,FALSE,,,FALSE,FALSE,FALSE,FALSE,TRUE,FALSE,FALSE,TRUE,TRUE,FALSE,TRUE,TRUE,,
"
",1,FALSE,1,WRATHFUL SMITE,Wrathful Smite,WRATHFUL SMITE,,EVOC,,,,,1D6,PSYCHIC,"Weapon
Range",,FRIGHTENED,2,,FALSE,WIS,,FALSE,FALSE,TRUE,FALSE,FALSE,TRUE,FALSE,FALSE,FALSE,FALSE,FALSE,FALSE,,
"
",2,FALSE,2,AID,Aid,AID,,ABJU,,,,,,,Self,9m,AID,LR,,FALSE,,,FALSE,FALSE,TRUE,FALSE,FALSE,TRUE,FALSE,FALSE,FALSE,FALSE,FALSE,FALSE,,
"
",2,FALSE,2,ARCANE LOCK,Arcane Lock,ARCANE LOCK,,ABJU,,,,,,,1.5m,,ARCANE LOCK,10,,FALSE,,,FALSE,TRUE,FALSE,FALSE,TRUE,FALSE,FALSE,TRUE,FALSE,FALSE,FALSE,TRUE,,
"
",2,FALSE,2,BARKSKIN,Barkskin,BARKSKIN,,TRAN,,,,,,,1.5m,,BARKSKIN,LR,,FALSE,,,FALSE,FALSE,TRUE,TRUE,FALSE,FALSE,TRUE,FALSE,FALSE,FALSE,FALSE,FALSE,,
"
",2,FALSE,2,BLINDNESS,Blindness,BLINDNESS,,NECR,,,,,,,18m,,BLINDED,10,CONTROL,FALSE,CON,1,TRUE,FALSE,TRUE,TRUE,TRUE,FALSE,FALSE,TRUE,TRUE,FALSE,TRUE,TRUE,,
"
",2,FALSE,2,BLUR,Blur,BLUR,,ILLU,,,,,,,Self,,BLUR,10,,FALSE,,,FALSE,TRUE,FALSE,TRUE,TRUE,FALSE,FALSE,TRUE,TRUE,FALSE,FALSE,TRUE,,
"
",2,FALSE,2,BRANDING SMITE,Branding Smite,BRANDING SMITE,,EVOC,,,,,1d6*level,RADIANT,"Weapon
Range",,BRANDING SMITE,1,,FALSE,CON,,FALSE,FALSE,FALSE,FALSE,FALSE,TRUE,FALSE,FALSE,FALSE,FALSE,FALSE,FALSE,,
"
",2,FALSE,2,CALM EMOTIONS,Calm Emotions,CALM EMOTIONS,,ENCH,,,,,,,18m,6m,CALMED,10,,TRUE,CHA,,TRUE,FALSE,TRUE,FALSE,FALSE,FALSE,FALSE,FALSE,FALSE,FALSE,TRUE,FALSE,,
"
",2,FALSE,2,CLOUD OF DAGGERS,Cloud of Daggers,CLOUD OF DAGGERS,,CONJ,,,,,"2D4*level
2D4*level PER TURN",SLASHING,18m,2m,,1,,FALSE,,,TRUE,FALSE,FALSE,FALSE,TRUE,FALSE,FALSE,TRUE,TRUE,FALSE,TRUE,TRUE,,
"
",2,FALSE,2,CROWN OF MADNESS,Crown of Madness,CROWN OF MADNESS,,ENCH,,,,,,,18m,,"CROWN OF
MADNESS",3,CONTROL,FALSE,WIS,,TRUE,FALSE,FALSE,FALSE,TRUE,TRUE,FALSE,TRUE,TRUE,FALSE,TRUE,TRUE,,
"
",2,FALSE,2,DARKNESS,Darkness,DARKNESS,,EVOC,,,,,,,18m,5m,"OBSCURED
BLINDED",,CONTROL,FALSE,,,FALSE,TRUE,FALSE,TRUE,TRUE,TRUE,FALSE,TRUE,TRUE,FALSE,TRUE,TRUE,,
"
",2,FALSE,2,DARKVISION,Darkvision,DARKVISION,,TRAN,,,,,,,1.5m,,DARKVISION,LR,,FALSE,,,FALSE,TRUE,FALSE,TRUE,TRUE,FALSE,TRUE,TRUE,TRUE,FALSE,FALSE,TRUE,,
"
",2,FALSE,2,DETECT THOUGHTS,Detect Thoughts,DETECT THOUGHTS,,DIVI,,,,,,,Self,,DETECT THOUGHTS,LR,,FALSE,,,TRUE,FALSE,FALSE,TRUE,TRUE,FALSE,FALSE,TRUE,TRUE,FALSE,TRUE,TRUE,,
"
",2,FALSE,2,ENHANCE ABILITY,Enhance Ability,ENHANCE ABILITY,,TRAN,,,,,,,1.5m,,ENHANCE ABILITY,,,FALSE,,1,TRUE,FALSE,TRUE,TRUE,FALSE,FALSE,FALSE,FALSE,TRUE,FALSE,FALSE,FALSE,,
"
",2,FALSE,2,ENLARGE/REDUCE,Enlarge/Reduce,ENLARGE/REDUCE,,TRAN,,,,,,,9m,,"ENLARGE
REDUCE",,,FALSE,,,FALSE,FALSE,FALSE,FALSE,FALSE,FALSE,FALSE,FALSE,TRUE,TRUE,FALSE,TRUE,,
"
",2,FALSE,2,ENTHRALL,Enthrall,ENTHRALL,,ENCH,,,,,,,6m,,ENTHRALLED,10,,FALSE,WIS,,TRUE,FALSE,FALSE,FALSE,FALSE,FALSE,FALSE,FALSE,FALSE,FALSE,TRUE,FALSE,,
"
",2,FALSE,2,FLAME BLADE,Flame Blade,FLAME BLADE,,EVOC,,,,,1D6 + 1D6*level,FIRE,Self,,,10,"SUMMONED
WEAPON",FALSE,,,FALSE,FALSE,FALSE,TRUE,FALSE,FALSE,FALSE,FALSE,FALSE,FALSE,FALSE,FALSE,,
"
",2,FALSE,2,FLAMING SPHERE,Flaming Sphere,FLAMING SPHERE,,CONJ,,,,,"SEE MINIONS
AND NPCS",FIRE,18m,2m,,,SUMMON,TRUE,DEX,,FALSE,FALSE,TRUE,TRUE,TRUE,FALSE,FALSE,TRUE,FALSE,FALSE,FALSE,TRUE,,
"
",2,FALSE,2,GUST OF WIND,Gust of Wind,GUST OF WIND,,EVOC,,,,,,,Self,12m (L),OFF BALANCE,,KNOCKBACK,FALSE,STR,,FALSE,FALSE,TRUE,FALSE,TRUE,FALSE,FALSE,TRUE,TRUE,FALSE,FALSE,TRUE,,
"
",2,FALSE,2,HEAT METAL,Heat Metal,HEAT METAL,,TRAN,,,,,1D8*level,FIRE,18m,,HEAT METAL,10,,FALSE,CON,,TRUE,FALSE,FALSE,TRUE,FALSE,FALSE,FALSE,FALSE,FALSE,FALSE,FALSE,FALSE,,
"
",2,FALSE,2,HOLD PERSON,Hold Person,HOLD PERSON,,ENCH,,,,,,,18m,,"HOLD PERSON
INCAPACITED",10,CONTROL,FALSE,WIS,1,TRUE,FALSE,TRUE,TRUE,TRUE,TRUE,FALSE,TRUE,TRUE,TRUE,TRUE,TRUE,,
"
",2,FALSE,2,INVISIBILITY,Invisibility,INVISIBILITY,,ILLU,,,,,,,1.5m,,INVISIBLE,10,,FALSE,,1,TRUE,FALSE,FALSE,TRUE,TRUE,FALSE,FALSE,TRUE,TRUE,TRUE,TRUE,TRUE,,
"
",2,FALSE,2,KNOCK,Knock,KNOCK,,TRAN,,,,,,,18m,,,,,FALSE,,,TRUE,FALSE,FALSE,FALSE,TRUE,FALSE,FALSE,TRUE,TRUE,FALSE,FALSE,FALSE,,
"
",2,FALSE,2,LESSER RESTORATION,Lesser Restoration,LESSER RESTORATION,,ABJU,,,,,,,"2m
5ft",,"DISEASED
POISONED
PARALYSIS
POISON",,CLEANSE,FALSE,,,TRUE,FALSE,TRUE,TRUE,FALSE,TRUE,TRUE,FALSE,FALSE,FALSE,FALSE,FALSE,,
"
",2,FALSE,2,MAGIC WEAPON,Magic Weapon,MAGIC WEAPON,,TRAN,,,,,,,1.5m,,MAGIC WEAPON,LR,,FALSE,,,FALSE,FALSE,TRUE,FALSE,TRUE,TRUE,FALSE,TRUE,FALSE,TRUE,FALSE,TRUE,,
"
",2,FALSE,2,MELF'S ACID ARROW,Melf's Acid Arrow,MELF'S ACID ARROW,,EVOC,,,,,"3D4 + 1D4*level
1D4*level PER TURN",ACID,18m,,,,,TRUE,,,FALSE,FALSE,FALSE,TRUE,TRUE,FALSE,FALSE,TRUE,FALSE,TRUE,FALSE,TRUE,,
"
",2,FALSE,2,MIRROR IMAGE,Mirror Image,MIRROR IMAGE,,ILLU,,,,,,,Self,,MIRROR IMAGE,10,,FALSE,,,FALSE,FALSE,TRUE,TRUE,TRUE,FALSE,FALSE,TRUE,TRUE,FALSE,TRUE,TRUE,,
"
",2,FALSE,2,MISTY STEP,Misty Step,MISTY STEP,,CONJ,,,,,,,18m,,,,TELEPORT*,FALSE,,,FALSE,TRUE,FALSE,TRUE,TRUE,TRUE,TRUE,TRUE,TRUE,FALSE,TRUE,TRUE,,
"
",2,FALSE,2,MOONBEAM,Moonbeam,MOONBEAM,,EVOC,,,,,1D10*level,RADIANT,18m,1m,MOONBEAM*,10,,TRUE,CON,,FALSE,FALSE,FALSE,TRUE,FALSE,TRUE,FALSE,TRUE,FALSE,FALSE,FALSE,FALSE,,
"
",2,FALSE,2,PASS WITHOUT TRACE,Pass Without Trace,PASS WITHOUT TRACE,,ABJU,,,,,,,Self,9m,"PASS WITHOUT 
TRACE",LR,,FALSE,,,FALSE,TRUE,TRUE,TRUE,FALSE,FALSE,TRUE,FALSE,FALSE,FALSE,FALSE,FALSE,,
"
",2,FALSE,2,PHANTASMAL FORCE,Phantasmal Force,PHANTASMAL FORCE,,ILLU,,,,,1D6,PSYCHIC*,18m,,,10,,FALSE,INT,,TRUE,FALSE,FALSE,FALSE,TRUE,FALSE,FALSE,TRUE,TRUE,FALSE,TRUE,TRUE,,
"
",2,FALSE,2,PRAYER OF HEALING,Prayer of Healing,PRAYER OF HEALING,,EVOC,,,,,1D8*level,,Self,9m,,,HEALING,FALSE,,,FALSE,FALSE,TRUE,FALSE,FALSE,FALSE,FALSE,FALSE,FALSE,FALSE,FALSE,FALSE,,
"
",2,FALSE,2,PROTECTION FROM POISON,Protection from Poison,PROTECTION FROM POISON,,ABJU,,,,,,POISON,1.5m,,"POISON
PROTECTION
 FROM POISON",LR,CLEANSE,FALSE,,,FALSE,FALSE,TRUE,TRUE,FALSE,TRUE,TRUE,FALSE,FALSE,TRUE,FALSE,FALSE,,
"
",2,FALSE,2,RAY OF ENFEEBLEMENT,Ray of Enfeeblement,RAY OF ENFEEBLEMENT,,NECR,,,,,,POISON,18m,,FEEBLE,10,,FALSE,CON,,FALSE,TRUE,FALSE,FALSE,TRUE,FALSE,FALSE,TRUE,FALSE,FALSE,TRUE,TRUE,,
"
",2,FALSE,2,SCORCHING RAY,Scorching Ray,SCORCHING RAY,,EVOC,,,,,2D6 + 2D6*level,FIRE,18m,,,,,FALSE,,,FALSE,TRUE,TRUE,FALSE,TRUE,FALSE,FALSE,TRUE,TRUE,FALSE,TRUE,TRUE,,
"
",2,FALSE,2,SEE INVISIBILITY,See Invisibility,SEE INVISIBILITY,,DIVI,,,,,,,Self,9m,SEE INVISIBILITY,LR,,FALSE,DEX,,TRUE,FALSE,FALSE,FALSE,FALSE,FALSE,FALSE,FALSE,TRUE,FALSE,FALSE,TRUE,,
"
",2,FALSE,2,SHADOW BLADE,Shadow Blade,SHADOW BLADE,,ILLU,,,,,1D8 +1D8*(level/2),PSYCHIC,"Weapon
Range",,SHADOW BLADE,,,FALSE,,,FALSE,FALSE,FALSE,FALSE,TRUE,FALSE,FALSE,TRUE,TRUE,FALSE,TRUE,TRUE,,
"
",2,FALSE,2,SHATTER,Shatter,SHATTER,,EVOC,,,,,1D8 + 1D8*level,THUNDER,18m,3m,,,,TRUE,CON,,TRUE,FALSE,TRUE,FALSE,TRUE,FALSE,FALSE,TRUE,TRUE,FALSE,TRUE,TRUE,,
"
",2,FALSE,2,SILENCE,Silence,SILENCE,,ILLU,,,,,,,18m,6m,SILENCE,100,CONTROL,FALSE,,,TRUE,FALSE,TRUE,TRUE,TRUE,TRUE,TRUE,FALSE,FALSE,FALSE,FALSE,FALSE,,
"
",2,FALSE,2,SPIKE GROWTH,Spike Growth,SPIKE GROWTH,,TRAN,,,,,2D4 ON MOVE,PIERCING,18m,6m,DIFFICULT TERRAIN,,,FALSE,,,FALSE,TRUE,TRUE,TRUE,FALSE,FALSE,TRUE,FALSE,FALSE,FALSE,FALSE,FALSE,,
"
",2,FALSE,2,SPIRITUAL WEAPON,Spiritual Weapon,SPIRITUAL WEAPON,,EVOC,,,,,"SEE MINIONS 
AND NPCS",FORCE,18m,,,10,SUMMON,FALSE,,,FALSE,TRUE,TRUE,FALSE,FALSE,FALSE,FALSE,FALSE,FALSE,FALSE,FALSE,FALSE,,
"
",2,TRUE,2,WARDING BOND,Warding Bond,WARDING BOND,,ABJU,,,,,,,1.5m,,WARDING BOND,LR,,FALSE,,,FALSE,FALSE,TRUE,FALSE,FALSE,FALSE,FALSE,FALSE,FALSE,FALSE,FALSE,FALSE,,
"
",2,FALSE,2,WEB,Web,WEB,,CONJ,,,,,,,18m,,ENWEBBED,1,CONTROL,FALSE,DEX,,FALSE,TRUE,FALSE,TRUE,TRUE,FALSE,FALSE,TRUE,TRUE,FALSE,FALSE,TRUE,,
"
",3,FALSE,3,ANIMATE DEAD,Animate Dead,ANIMATE DEAD,,NECR,,,,,"SEE MINIONS 
AND NPCS",,3m,,,LR,SUMMON,FALSE,,,FALSE,TRUE,TRUE,TRUE,FALSE,FALSE,TRUE,FALSE,FALSE,FALSE,FALSE,TRUE,,
"
",3,FALSE,3,BEACON OF HOPE,Beacon of Hope,BEACON OF HOPE,,ABJU,,,,,,,Self,9m,BEACON OF HOPE,10,,FALSE,,,FALSE,FALSE,TRUE,FALSE,FALSE,TRUE,FALSE,FALSE,FALSE,FALSE,FALSE,FALSE,,
"
",3,FALSE,3,BESTOW CURSE,Bestow Curse,BESTOW CURSE,,NECR,,,,,,,1.5m,,BESTOW CURSE*,10,,FALSE,,,TRUE,FALSE,TRUE,FALSE,FALSE,TRUE,FALSE,FALSE,FALSE,FALSE,TRUE,TRUE,,
"
",3,FALSE,3,BLINDING SMITE,Blinding Smite,BLINDING SMITE,,EVOC,,,,,3D8,RADIANT,1.5m,,BLINDED,,,FALSE,CON,,FALSE,FALSE,FALSE,FALSE,FALSE,TRUE,FALSE,FALSE,FALSE,FALSE,FALSE,FALSE,,
"
",3,FALSE,3,BLINK,Blink,BLINK,,TRAN,,,,,,,6m,,BLINK,10,,FALSE,,,FALSE,FALSE,FALSE,FALSE,FALSE,FALSE,FALSE,FALSE,TRUE,FALSE,TRUE,TRUE,,
"
",3,FALSE,3,CALL LIGHTNING,Call Lightning,CALL LIGHTNING,,CONJ,,,,,3D3*level,LIGHTNING,18m,2m,CALL LIGHTNING,10,,TRUE,DEX,,FALSE,TRUE,TRUE,TRUE,FALSE,FALSE,FALSE,FALSE,FALSE,FALSE,FALSE,FALSE,,
"
",3,FALSE,3,CONJURE BARRAGE,Conjure Barrage,CONJURE BARRAGE,,CONJ,,,,,"WEAPON DAMAGE
2D8",FLEXIBLE,Self,9m (C),,,,FALSE,,,FALSE,FALSE,FALSE,FALSE,FALSE,FALSE,TRUE,FALSE,FALSE,FALSE,FALSE,FALSE,,
"
",3,FALSE,3,COUNTERSPELL,Counterspell,COUNTERSPELL,,ABJU,,,,,,,18m,,,,,FALSE,,,FALSE,TRUE,FALSE,FALSE,FALSE,FALSE,FALSE,FALSE,TRUE,FALSE,TRUE,TRUE,,
"
",3,FALSE,3,CRUSADER'S MANTLE,Crusader's Mantle,CRUSADER'S MANTLE,,EVOC,,,,,,RADIANT,Self,9m,"CRUSADERS
MANTLE",10,,FALSE,,,FALSE,TRUE,TRUE,FALSE,FALSE,TRUE,FALSE,FALSE,FALSE,FALSE,FALSE,FALSE,,
"
",3,FALSE,3,DAYLIGHT,Daylight,DAYLIGHT,,EVOC,,,,,,,18m,15m,DAYLIGHT,LR,,TRUE,,,FALSE,TRUE,TRUE,TRUE,FALSE,TRUE,TRUE,FALSE,TRUE,FALSE,FALSE,FALSE,,
"
",3,FALSE,3,ELEMENTAL WEAPON,Elemental Weapon,ELEMENTAL WEAPON,,TRAN,,,,,,"ACID
COLD
FIRE
LIGHTNING
THUNDER",18m,,"ELEMENTAL 
WEAPON",LR,,FALSE,,,FALSE,FALSE,FALSE,FALSE,FALSE,TRUE,FALSE,FALSE,FALSE,FALSE,FALSE,FALSE,,
"
",3,FALSE,3,FEAR,Fear,FEAR,,ILLU,,,,,,,Self,9m (C),FEARED,2,CONTROL,FALSE,WIS,,TRUE,FALSE,TRUE,FALSE,FALSE,FALSE,TRUE,FALSE,TRUE,FALSE,TRUE,TRUE,,
"
",3,FALSE,3,FEIGN DEATH,Feign Death,FEIGN DEATH,,NECR,,,,,,,1.5m,,FEIGNING DEATH,10,,FALSE,,,TRUE,FALSE,TRUE,TRUE,FALSE,FALSE,FALSE,FALSE,FALSE,FALSE,FALSE,TRUE,,
"
",3,FALSE,3,FIREBALL,Fireball,FIREBALL,,EVOC,,,,,5D6 + 1D6*level,FIRE,18m,6m,,,,TRUE,DEX,,FALSE,TRUE,TRUE,FALSE,FALSE,FALSE,FALSE,FALSE,TRUE,FALSE,TRUE,TRUE,,
"
",3,FALSE,3,GASEOUS FORM,Gaseous Form,GASEOUS FORM,,TRAN,,,,,,,1.5m,,GASEOUS FORM,LR,,FALSE,,,FALSE,TRUE,FALSE,TRUE,FALSE,FALSE,FALSE,FALSE,TRUE,FALSE,TRUE,TRUE,,
"
",3,FALSE,3,GLYPH OF WARDING: ACID,Glyph of Warding,GLYPH OF WARDING: ACID,,ABJU,,,,,2d8 + 1d8*level,ACID,9m,4m,,LR,,FALSE,DEX,,TRUE,FALSE,TRUE,FALSE,FALSE,FALSE,FALSE,FALSE,FALSE,FALSE,FALSE,TRUE,,
"
",3,FALSE,3,GLYPH OF WARDING: COLD,Glyph of Warding,GLYPH OF WARDING: COLD,,ABJU,,,,,2d8 + 1d8*level,COLD,9m,4m,,LR,,FALSE,DEX,,TRUE,FALSE,TRUE,FALSE,FALSE,FALSE,FALSE,FALSE,FALSE,FALSE,FALSE,TRUE,,
"
",3,FALSE,3,GLYPH OF WARDING: DETONATION,Glyph of Warding,GLYPH OF WARDING: DETONATION,,ABJU,,,,,,,9m,4m,,LR,KNOCKBACK,FALSE,DEX,,TRUE,FALSE,TRUE,FALSE,FALSE,FALSE,FALSE,FALSE,FALSE,FALSE,FALSE,TRUE,,
"
",3,FALSE,3,GLYPH OF WARDING: FIRE,Glyph of Warding,GLYPH OF WARDING: FIRE,,ABJU,,,,,2d8 + 1d8*level,FIRE,9m,4m,,LR,,FALSE,DEX,,TRUE,FALSE,TRUE,FALSE,FALSE,FALSE,FALSE,FALSE,FALSE,FALSE,FALSE,TRUE,,
"
",3,FALSE,3,GLYPH OF WARDING: LIGHTNING,Glyph of Warding,GLYPH OF WARDING: LIGHTNING,,ABJU,,,,,2d8 + 1d8*level,LIGHTNING,9m,4m,,LR,,FALSE,DEX,,TRUE,FALSE,TRUE,FALSE,FALSE,FALSE,FALSE,FALSE,FALSE,FALSE,FALSE,TRUE,,
"
",3,FALSE,3,GLYPH OF WARDING: SLEEP,Glyph of Warding,GLYPH OF WARDING: SLEEP,,ABJU,,,,,,,9m,4m,SLEEP,LR,CONTROL,FALSE,DEX,,TRUE,FALSE,TRUE,FALSE,FALSE,FALSE,FALSE,FALSE,FALSE,FALSE,FALSE,TRUE,,
"
",3,FALSE,3,GLYPH OF WARDING: THUNDER,Glyph of Warding,GLYPH OF WARDING: THUNDER,,ABJU,,,,,2d8 + 1d8*level,THUNDER,9m,4m,,LR,,FALSE,DEX,,TRUE,FALSE,TRUE,FALSE,FALSE,FALSE,FALSE,FALSE,FALSE,FALSE,FALSE,TRUE,,
"
",3,FALSE,3,GRANT FLIGHT,Grant Flight,GRANT FLIGHT,,TRAN,,,,,,,1.5m,,FLIGHT,10,,FALSE,,1,FALSE,TRUE,FALSE,TRUE,FALSE,FALSE,FALSE,FALSE,FALSE,TRUE,TRUE,FALSE,,
"
",3,FALSE,3,HASTE,Haste,HASTE,,TRAN,,,,,,,9m,,HASTENED,10,,FALSE,,,FALSE,TRUE,FALSE,TRUE,FALSE,TRUE,FALSE,FALSE,TRUE,TRUE,FALSE,TRUE,,
"
",3,FALSE,3,HUNGER OF HADAR,Hunger of Hadar,HUNGER OF HADAR,,CONJ,,,,,"2D6 PER TURN START
2D6 PER TURN END","COLD
ACID",18m,6m,"DIFFICULT TERRAIN
BLINDED",10,CONTROL,FALSE,DEX,,FALSE,TRUE,FALSE,FALSE,FALSE,FALSE,FALSE,FALSE,FALSE,FALSE,TRUE,FALSE,,
"
",3,FALSE,3,HYPNOTIC PATTERN,Hypnotic Pattern,HYPNOTIC PATTERN,,CONJ,,,,,,,18m,9m,HYPNOTISED,2,CONTROL,FALSE,WIS,,TRUE,FALSE,FALSE,TRUE,FALSE,FALSE,FALSE,FALSE,TRUE,FALSE,TRUE,TRUE,,
"
",3,FALSE,3,LIGHTNING ARROW,Lightning Arrow,LIGHTNING ARROW,,TRAN,,,,,"4D8
2D8 AoE",LIGHTNING,18m,3m,,,,TRUE,DEX,,FALSE,FALSE,FALSE,FALSE,FALSE,FALSE,TRUE,FALSE,FALSE,FALSE,FALSE,FALSE,,
"
",3,FALSE,3,LIGHTNING BOLT,Lightning Bolt,LIGHTNING BOLT,,EVOC,,,,,5D6 +1D6*level,LIGHTNING,Self,30m (L),,,,TRUE,DEX,,FALSE,TRUE,FALSE,TRUE,FALSE,FALSE,FALSE,FALSE,TRUE,FALSE,FALSE,TRUE,,
"
",3,FALSE,3,MASS HEALING WORD,Mass Healing Word,MASS HEALING WORD,,EVOC,,,,,1D4,,Self,18m,,,HEALING,FALSE,,,FALSE,TRUE,TRUE,FALSE,FALSE,FALSE,FALSE,FALSE,FALSE,FALSE,FALSE,FALSE,,
"
",3,FALSE,3,PLANT GROWTH,Plant Growth,PLANT GROWTH,,TRAN,,,,,,,18m,6m,PLANT GROWTH,10,CONTROL,FALSE,,,TRUE,FALSE,TRUE,TRUE,FALSE,TRUE,TRUE,FALSE,FALSE,FALSE,TRUE,FALSE,,
"
",3,FALSE,3,PROTECTION FROM ENERGY,Protection from Energy,PROTECTION FROM ENERGY,,ABJU,,,,,,"ACID
COLD
FIRE
LIGHTNING
THUNDER",1.5m,,,LR,RESISTANCE,FALSE,,,FALSE,FALSE,TRUE,TRUE,FALSE,TRUE,TRUE,FALSE,TRUE,FALSE,FALSE,TRUE,,
"
",3,FALSE,3,REMOVE CURSE,Remove Curse,REMOVE CURSE,,ABJU,,,,,,,1.5m,,,,CLEANSE,FALSE,,,FALSE,TRUE,TRUE,FALSE,FALSE,TRUE,FALSE,FALSE,FALSE,FALSE,TRUE,TRUE,,
"
",3,FALSE,3,REVIVIFY,Revivify,REVIVIFY,,NECR,,,,,,,9m,9m,,,,FALSE,,,FALSE,TRUE,TRUE,FALSE,FALSE,TRUE,FALSE,FALSE,FALSE,FALSE,FALSE,FALSE,,
"
",3,FALSE,3,SLEET STORM,Sleet Storm,SLEET STORM,,CONJ,,,,,,COLD,18m,9m,"DIFFICULT TERRAIN
PRONE",10,CONTROL,FALSE,DEX,,FALSE,TRUE,TRUE,TRUE,FALSE,FALSE,FALSE,FALSE,TRUE,FALSE,FALSE,TRUE,,
"
",3,FALSE,3,SLOW,Slow,SLOW,,TRAN,,,,,,,18m,,SLOWED,,CONTROL,FALSE,WIS,,FALSE,TRUE,TRUE,FALSE,FALSE,FALSE,FALSE,FALSE,TRUE,FALSE,TRUE,TRUE,,
"
",3,FALSE,3,SPEAK WITH DEAD,Speak with Dead,SPEAK WITH DEAD,,NECR,,,,,,,9m,,"SPEAK WITH 
DEAD",LR,,FALSE,,,TRUE,FALSE,TRUE,FALSE,FALSE,FALSE,FALSE,FALSE,FALSE,FALSE,TRUE,FALSE,,
"
",3,FALSE,3,SPIRIT GUARDIANS,Spirit Guardians,SPIRIT GUARDIANS,,CONJ,,,,,1D8*level,"RADIANT
NECROTIC",Self,3m,"SPIRIT
GUARDIANS",10,CONTROL,TRUE,WIS,,FALSE,TRUE,TRUE,FALSE,FALSE,FALSE,FALSE,FALSE,FALSE,FALSE,FALSE,FALSE,,
"
",3,FALSE,3,STINKING CLOUD,Stinking Cloud,STINKING CLOUD,,CONJ,,,,,,,18m,6m,"NAUSEOUS
POISONED",10,,FALSE,CON,,TRUE,FALSE,FALSE,TRUE,TRUE,FALSE,FALSE,FALSE,TRUE,FALSE,TRUE,TRUE,,
"
",3,FALSE,3,VAMPIRIC TOUCH,Vampiric Touch,VAMPIRIC TOUCH,,NECR,,,,,"1D6*level
(1D6*level)*0.5",NECROTIC,1.5m,,VAMPIRIC TOUCH,10,HEALING,FALSE,,,FALSE,TRUE,FALSE,TRUE,FALSE,FALSE,FALSE,FALSE,FALSE,FALSE,TRUE,TRUE,,
"
",3,FALSE,3,WARDEN OF VITALITY,Warden of Vitality,WARDEN OF VITALITY,,EVOC,,,,,2D6 PER TURN,,Self,9m,"WARDEN OF
VITALITY",10,HEALING,FALSE,,,FALSE,TRUE,FALSE,FALSE,FALSE,TRUE,FALSE,FALSE,FALSE,FALSE,FALSE,FALSE,,
"
",4,FALSE,4,BANISHMENT,Banishment,BANISHMENT,,ABJU,,,,,,,18m,,BANISHED*,2,CONTROL,FALSE,CHA,1,FALSE,TRUE,TRUE,FALSE,FALSE,FALSE,FALSE,FALSE,TRUE,TRUE,TRUE,TRUE,,
"
",4,FALSE,4,BLIGHT,Blight,BLIGHT,,NECR,,,,,4D4 + 1D4*level,NECROTIC,9m,,,,,TRUE,CON,,FALSE,TRUE,FALSE,TRUE,FALSE,FALSE,FALSE,TRUE,TRUE,TRUE,TRUE,TRUE,,
"
",4,FALSE,4,CONFUSION,Confusion,CONFUSION,,ENCH,,,,,,,18m,6m,,,CONTROL,FALSE,WIS,,TRUE,FALSE,TRUE,TRUE,FALSE,FALSE,FALSE,FALSE,TRUE,FALSE,FALSE,TRUE,,
"
",4,FALSE,4,"CONJURE 
MINOR ELEMENTAL","Conjure 
Minor Elemental","CONJURE 
MINOR ELEMENTAL",,CONJ,,,,,"SEE MINIONS
 AND NPCS","FIRE
LIGHTNING
COLD",,,,,SUMMON,FALSE,,,FALSE,FALSE,FALSE,TRUE,FALSE,FALSE,FALSE,FALSE,FALSE,FALSE,FALSE,TRUE,,
"
",4,FALSE,4,"CONJURE 
WOODLAND BEINGS","Conjure 
Woodland Beings","CONJURE 
WOODLAND BEINGS",,CONJ,,,,,"SEE MINIONS 
AND NPCS",,,,,,SUMMON,FALSE,,,FALSE,FALSE,FALSE,TRUE,FALSE,FALSE,FALSE,FALSE,FALSE,FALSE,FALSE,FALSE,,
"
",4,FALSE,4,DEATH WARD,Death Ward,DEATH WARD,,ABJU,,,,,,,1.5m,,DEATH WARD,LR,,FALSE,,,FALSE,TRUE,TRUE,FALSE,FALSE,FALSE,FALSE,FALSE,FALSE,FALSE,FALSE,FALSE,,
"
",4,FALSE,4,DIMENSION DOOR,Dimension Door,DIMENSION DOOR,,CONJ,,,,,,,1.5m,,,,TELEPORT*,FALSE,,,TRUE,FALSE,TRUE,FALSE,FALSE,FALSE,FALSE,FALSE,TRUE,FALSE,TRUE,TRUE,,
"
",4,FALSE,4,DOMINATE BEAST,Dominate Beast,DOMINATE BEAST,,ENCH,,,,,,,18m,,DOMINATED,10,CONTROL,FALSE,WIS,,FALSE,TRUE,TRUE,TRUE,FALSE,FALSE,FALSE,FALSE,FALSE,TRUE,TRUE,FALSE,,
"
",4,FALSE,4,EVARD'S BLACK TENTACLES,Evard's Black Tentacles,EVARD'S BLACK TENTACLES,,CONJ,,,,,,NECROTIC,18m,6m,,,CONTROL,FALSE,STR,,FALSE,FALSE,FALSE,FALSE,FALSE,FALSE,FALSE,FALSE,FALSE,FALSE,TRUE,TRUE,,
"
",4,FALSE,4,FIRE SHIELD,Fire Shield: Warm,FIRE SHIELD,,EVOC,,,,,2D8 WHEN STRUCK,"FIRE
COLD",1.5m,,FIRE SHIELD,10,RESISTANCE,FALSE,,,FALSE,TRUE,FALSE,FALSE,FALSE,FALSE,FALSE,FALSE,FALSE,FALSE,TRUE,TRUE,,
"
",4,FALSE,4,FIRE SHIELD: CHILL,Fire Shield: Chill,FIRE SHIELD: CHILL,,EVOC,,,,,2D8 WHEN STRUCK,"COLD
FIRE",1.5m,,FIRE SHIELD: CHILL,10,RESISTANCE,FALSE,,,FALSE,TRUE,FALSE,FALSE,FALSE,FALSE,FALSE,FALSE,FALSE,FALSE,TRUE,TRUE,,
"
",4,FALSE,4,FREEDOM OF MOVEMENT,Freedom of Movement,FREEDOM OF MOVEMENT,,ABJU,,,,,,,1.5m,,"FREEDOM
 OF MOVEMENT",LR,,FALSE,,,TRUE,FALSE,TRUE,TRUE,FALSE,FALSE,FALSE,FALSE,FALSE,FALSE,FALSE,FALSE,,
"
",4,FALSE,4,GRASPING VINE,Grasping Vine,GRASPING VINE,,CONJ,,,,,"SEE MINIONS 
AND NPCS",,9m,,,,SUMMON,FALSE,,,FALSE,FALSE,TRUE,TRUE,FALSE,FALSE,FALSE,FALSE,FALSE,FALSE,FALSE,FALSE,,
"
",4,FALSE,4,GREATER INVISIBILITY,Greater Invisibility,GREATER INVISIBILITY,,ILLU,,,,,,,1.5m,,"GREATER
INVISIBILITY",,,FALSE,,,TRUE,FALSE,FALSE,TRUE,FALSE,FALSE,FALSE,FALSE,TRUE,TRUE,TRUE,TRUE,,
"
",4,FALSE,4,GUARDIAN OF FAITH,Guardian of Faith,GUARDIAN OF FAITH,,CONJ,,,,,"SEE MINIONS 
AND NPCS",RADIANT,9m,,,,SUMMON,FALSE,,,FALSE,TRUE,TRUE,FALSE,FALSE,FALSE,FALSE,FALSE,FALSE,FALSE,FALSE,FALSE,,
"
",4,FALSE,4,ICE STORM,Ice Storm,ICE STORM,,EVOC,,,,,"1D8*(level-2)
4D6","BLUDGEON
COLD",18m,6m,,,CONTROL,TRUE,DEX,,FALSE,TRUE,TRUE,TRUE,FALSE,FALSE,FALSE,FALSE,TRUE,FALSE,FALSE,TRUE,,
"
",4,FALSE,4,OTILUKE'S RESILIENT SPHERE,Otiluke's Resilient Sphere,OTILUKE'S RESILIENT SPHERE,,EVOC,,,,,,,9m,,"OTILUKE'S 
RESILIENT SPHERE",3,,FALSE,DEX,,FALSE,FALSE,TRUE,FALSE,FALSE,FALSE,FALSE,FALSE,FALSE,FALSE,FALSE,TRUE,,
"
",4,FALSE,4,PHANTASMAL KILLER,Phantasmal Killer,PHANTASMAL KILLER,,ILLU,,,,,"1D10*level 
PER TURN",PSYCHIC,18m,,PHANTASMAL KILLER,10,,FALSE,DEX,,FALSE,FALSE,FALSE,FALSE,FALSE,FALSE,FALSE,FALSE,FALSE,FALSE,FALSE,TRUE,,
"
",4,FALSE,4,POLYMORPH,Polymorph,POLYMORPH,,TRAN,,,,,,,18m,,POLYMORPHED,5,CONTROL,FALSE,WIS,,TRUE,FALSE,TRUE,TRUE,FALSE,FALSE,FALSE,FALSE,TRUE,TRUE,FALSE,TRUE,,
"
",4,FALSE,4,STAGGERING SMITE,Staggering Smite,STAGGERING SMITE,,EVOC,,,,,4D6,PSYCHIC,"Weapon
Range",,STAGGER,,,FALSE,WIS,,FALSE,FALSE,FALSE,FALSE,FALSE,FALSE,FALSE,FALSE,FALSE,FALSE,TRUE,FALSE,,
"
",4,FALSE,4,STONESKIN,Stoneskin,STONESKIN,,ABJU,,,,,,,1.5m,,STONESKIN,LR,,FALSE,,,FALSE,FALSE,TRUE,TRUE,FALSE,FALSE,FALSE,FALSE,TRUE,FALSE,FALSE,TRUE,,
"
",4,FALSE,4,WALL OF FIRE,Wall of Fire,WALL OF FIRE,,EVOC,,,,,"1D8*(level+1) 
PER TURN",FIRE,18m,6m,"BURNING
WALL OF FIRE",LR,,FALSE,,,FALSE,TRUE,TRUE,TRUE,FALSE,TRUE,FALSE,FALSE,TRUE,FALSE,TRUE,TRUE,,
"
",5,FALSE,5,,,BANISHING SMITE,,ABJU,,,,,5D10,FORCE,"Weapon
Range",,BANISHED,,,FALSE,,,FALSE,TRUE,FALSE,FALSE,FALSE,FALSE,FALSE,FALSE,FALSE,FALSE,FALSE,FALSE,,
"
",5,FALSE,5,CLOUDKILL,Cloudkill,CLOUDKILL,,CONJ,,,,,1D8*level PER TURN,POISON,18m,6m,CLOUDKILL,,,TRUE,CON,,FALSE,FALSE,FALSE,TRUE,FALSE,FALSE,FALSE,FALSE,TRUE,FALSE,FALSE,TRUE,,
"
",5,FALSE,5,CONE OF COLD,Cone of Cold,CONE OF COLD,,EVOC,,,,,3D8 + 1D8*level,COLD,Self,9m (C),,,,TRUE,CON,,FALSE,TRUE,FALSE,TRUE,FALSE,FALSE,FALSE,FALSE,TRUE,FALSE,TRUE,TRUE,,
"
",5,FALSE,5,CONJURE ELEMENTAL,Conjure Elemental,CONJURE ELEMENTAL,,CONJ,,,,,"SEE MINIONS 
AND NPCS","FIRE
LIGHTNING
COLD",18m,,,,SUMMON,FALSE,,,FALSE,TRUE,FALSE,TRUE,FALSE,FALSE,FALSE,FALSE,FALSE,FALSE,FALSE,TRUE,,
"
",5,FALSE,5,"CONTAGION:
 FILTH FIVER",Contagion,"CONTAGION:
 FILTH FIVER",,NECR,,,,,,POISON,1.5m,,"POISONED
DISEASE
FILTH FEVER",LR,,FALSE,CON,,FALSE,TRUE,TRUE,TRUE,FALSE,FALSE,FALSE,FALSE,FALSE,FALSE,FALSE,FALSE,,
"
",5,FALSE,5,"CONTAGION:
BILDING SICKNESS",Contagion,"CONTAGION:
BILDING SICKNESS",,NECR,,,,,,POISON,1.5m,,"POISONED
DISEASE
BLINDING SICKNESS",LR,,FALSE,CON,,FALSE,TRUE,TRUE,TRUE,FALSE,FALSE,FALSE,FALSE,FALSE,FALSE,FALSE,FALSE,,
"
",5,FALSE,5,"CONTAGION:
FLESH ROT",Contagion,"CONTAGION:
FLESH ROT",,NECR,,,,,,POISON,1.5m,,"POISONED
DISEASE
FLESH ROT",LR,,FALSE,CON,,FALSE,TRUE,TRUE,TRUE,FALSE,FALSE,FALSE,FALSE,FALSE,FALSE,FALSE,FALSE,,
"
",5,FALSE,5,"CONTAGION:
MINDFIRE",Contagion,"CONTAGION:
MINDFIRE",,NECR,,,,,,POISON,1.5m,,"POISONED
DISEASE
MINDFIRE",LR,,FALSE,CON,,FALSE,TRUE,TRUE,TRUE,FALSE,FALSE,FALSE,FALSE,FALSE,FALSE,FALSE,FALSE,,
"
",5,FALSE,5,"CONTAGION:
SEIZURE",Contagion,"CONTAGION:
SEIZURE",,NECR,,,,,,POISON,1.5m,,"POISONED
DISEASE
SEIZURE",LR,,FALSE,CON,,FALSE,TRUE,TRUE,TRUE,FALSE,FALSE,FALSE,FALSE,FALSE,FALSE,FALSE,FALSE,,
"
",5,FALSE,5,"CONTAGION:
SLIMY DOOM",Contagion,"CONTAGION:
SLIMY DOOM",,NECR,,,,,,POISON,1.5m,,"POISONED
DISEASE 
SLIMY DOOM",LR,,FALSE,CON,,FALSE,TRUE,TRUE,TRUE,FALSE,FALSE,FALSE,FALSE,FALSE,FALSE,FALSE,FALSE,,
"
",5,FALSE,5,DESTRUCTIVE WAVE,Destructive Wave,DESTRUCTIVE WAVE,,EVOC,,,,,"1D6*level
1D6*level","RADIANT
THUNDER",Self,9m,PRONE,1,,FALSE,CON,,FALSE,FALSE,TRUE,FALSE,FALSE,FALSE,FALSE,FALSE,FALSE,FALSE,FALSE,FALSE,,
"
",5,FALSE,5,DISPEL EVIL AND GOOD,Dispel Evil and Good,DISPEL EVIL AND GOOD,,ABJU,,,,,,,Self,,"DISPEL EVIL
AND GOOD",10,,FALSE,,,FALSE,FALSE,TRUE,FALSE,FALSE,FALSE,FALSE,FALSE,FALSE,FALSE,FALSE,FALSE,,
"
",5,FALSE,5,DOMINATE PERSON,Dominate Person,DOMINATE PERSON,,ENCH,,,,,,,18m,,DOMINATED,10,CONTROL,FALSE,WIS,,TRUE,FALSE,TRUE,FALSE,FALSE,FALSE,FALSE,FALSE,TRUE,TRUE,TRUE,TRUE,,
"
",5,FALSE,5,FLAME STRIKE,Flame Strike,FLAME STRIKE,,EVOC,,,,,"1D6*level
1D6*level","FIRE
RADIANT",18m,3m,,,,TRUE,DEX,,FALSE,FALSE,TRUE,FALSE,FALSE,FALSE,FALSE,FALSE,FALSE,FALSE,TRUE,FALSE,,
"
",5,FALSE,5,GREATER RESTORATION,Greater Restoration,GREATER RESTORATION,,ABJU,,,,,,,1.5m,,"CHARM
PETRIFY
STUNNED
CURSED",,CLEANSE,FALSE,,,TRUE,FALSE,TRUE,TRUE,FALSE,FALSE,FALSE,FALSE,FALSE,FALSE,FALSE,FALSE,,
"
",5,FALSE,5,HOLD MONSTER,Hold Monster,HOLD MONSTER,,ENCH,,,,,,,18m,,"PARALYSED
INCAPACITED",,CONTROL,FALSE,WIS,,TRUE,FALSE,TRUE,FALSE,FALSE,FALSE,FALSE,FALSE,TRUE,FALSE,TRUE,TRUE,,
"
",5,FALSE,5,INSECT PLAGUE,Insect Plague,INSECT PLAGUE,,CONJ,,,,,"1D10*(level-1) 
PER TURN",PIERCING,18m,,DIFFICULT TERRAIN,10,,FALSE,CON,,FALSE,FALSE,TRUE,TRUE,FALSE,FALSE,FALSE,FALSE,TRUE,FALSE,FALSE,FALSE,,
"
",5,FALSE,5,MASS CURE WOUNDS,Mass Cure Wounds,MASS CURE WOUNDS,,EVOC,,,,,3D8*(level-2),,18m,,,,HEALING,FALSE,,,TRUE,FALSE,TRUE,TRUE,FALSE,FALSE,FALSE,FALSE,FALSE,FALSE,FALSE,FALSE,,
"
",5,FALSE,5,PLANAR BINDING,Planar Binding,PLANAR BINDING,,ABJU,,,,,,,18m,,"PLANAR BINDING
CHARMED",10,CONTROL,FALSE,WIS,,TRUE,FALSE,TRUE,TRUE,FALSE,FALSE,FALSE,FALSE,FALSE,FALSE,FALSE,TRUE,,
"
",5,FALSE,5,SEEMING,Seeming,SEEMING,,ILLU,,,,,,,18m,,DISGUISE SELF,LR,,FALSE,,,TRUE,FALSE,TRUE,FALSE,FALSE,FALSE,FALSE,FALSE,TRUE,FALSE,TRUE,TRUE,,
"
",5,FALSE,5,TELEKINESIS,Telekinesis,TELEKINESIS,,TRAN,,,,,,,18m,,TELEKENISIS,10,,FALSE,STR,,FALSE,FALSE,TRUE,FALSE,FALSE,FALSE,FALSE,FALSE,TRUE,FALSE,TRUE,TRUE,,
"
",5,FALSE,5,WALL OF STONE,Wall of Stone,WALL OF STONE,,EVOC,,,,,,,18m,,,,,FALSE,,,FALSE,TRUE,TRUE,TRUE,FALSE,FALSE,FALSE,FALSE,TRUE,FALSE,FALSE,TRUE,,
"
",6,FALSE,6,ARCANE GATE,Arcane Gate,ARCANE GATE,,CONJ,,,,,,,18m,,,,TELEPORT*,FALSE,,,FALSE,FALSE,FALSE,FALSE,FALSE,FALSE,FALSE,FALSE,TRUE,FALSE,TRUE,TRUE,,
"
",6,FALSE,6,BLADE BARRIER,Blade Barrier,BLADE BARRIER,,EVOC,,,,,6D10,SLASHING,18m,,DIFFICULT TERRAIN,1,,FALSE,DEX,,FALSE,FALSE,TRUE,FALSE,FALSE,FALSE,FALSE,FALSE,FALSE,FALSE,FALSE,FALSE,,
"
",6,FALSE,6,CHAIN LIGHTNING,Chain Lightning,CHAIN LIGHTNING,,EVOC,,,,,10D8,LIGHTNING,18m,,,,,TRUE,DEX,,FALSE,FALSE,FALSE,FALSE,FALSE,FALSE,FALSE,FALSE,TRUE,FALSE,FALSE,TRUE,,
"
",6,FALSE,6,CIRCLE OF DEATH,Circle of Death,CIRCLE OF DEATH,,NECR,,,,,8D6,NECROTIC,18m,9m,,,,TRUE,CON,,FALSE,FALSE,FALSE,FALSE,FALSE,FALSE,FALSE,FALSE,TRUE,FALSE,TRUE,TRUE,,
"
",6,FALSE,6,CREATE UNDEAD,Create Undead,CREATE UNDEAD,,NECR,,,,,,,3m,,,LR,,FALSE,,,FALSE,FALSE,TRUE,FALSE,FALSE,FALSE,FALSE,FALSE,FALSE,FALSE,TRUE,TRUE,,
"
",6,FALSE,6,DISINTEGRATE,Disintegrate,DISINTEGRATE,,TRAN,,,,,10D6 + 40,FORCE,9m,,,,,FALSE,CON,,FALSE,FALSE,FALSE,FALSE,FALSE,FALSE,FALSE,FALSE,TRUE,TRUE,FALSE,TRUE,,
"
",6,FALSE,6,EYEBITE,Eyebite,EYEBITE,,NECR,,,,,,,18m,,"FEARFUL
SICKENED
SLEEPING",10,CONTROL,FALSE,WIS,,TRUE,FALSE,FALSE,FALSE,FALSE,FALSE,FALSE,FALSE,TRUE,FALSE,TRUE,TRUE,,
"
",6,FALSE,6,FLESH TO STONE,Flesh to Stone,FLESH TO STONE,,TRAN,,,,,,,18m,,"RESTRAINED
PETRIFIED",,,FALSE,CON,,FALSE,FALSE,FALSE,FALSE,FALSE,FALSE,FALSE,FALSE,FALSE,FALSE,TRUE,TRUE,,
"
",6,FALSE,6,GLOBE OF INVULNERABILITY,Globe of Invulnerability,GLOBE OF INVULNERABILITY,,ABJU,,,,,,,18m,3m,"GLOBE OF 
INVULNERABILITY*",3,,FALSE,,,FALSE,FALSE,FALSE,FALSE,FALSE,FALSE,FALSE,FALSE,TRUE,FALSE,FALSE,TRUE,,
"
",6,FALSE,6,HARM,Harm,HARM,,NECR,,,,,14D6,NECROTIC,18m,,HARM,,,TRUE,CON,,FALSE,FALSE,TRUE,FALSE,FALSE,FALSE,FALSE,FALSE,FALSE,FALSE,FALSE,FALSE,,
"
",6,FALSE,6,HEAL,Heal,HEAL,,EVOC,,,,,70,,18m,,,,HEALING,FALSE,,,FALSE,FALSE,TRUE,TRUE,FALSE,FALSE,FALSE,FALSE,FALSE,FALSE,FALSE,FALSE,,
"
",6,FALSE,6,HEROES' FEAST,Heroes' Feast,HEROES' FEAST,,CONJ,,,,,,,18m,,"THOROUGHLY 
STUFFED",LR,,FALSE,,,FALSE,FALSE,TRUE,TRUE,FALSE,FALSE,FALSE,FALSE,FALSE,FALSE,FALSE,FALSE,,
"
",6,FALSE,6,OTILUKE'S FREEZING SPHERE,Otiluke's Freezing Sphere,OTILUKE'S FREEZING SPHERE,,EVOC,,,,,10D6,COLD,1.5m,,,,,FALSE,CON,,FALSE,FALSE,TRUE,FALSE,FALSE,FALSE,FALSE,FALSE,FALSE,FALSE,FALSE,TRUE,,
"
",6,FALSE,6,OTTO'S IRRESISTIBLE DANCE,Otto's Irresistible Dance,OTTO'S IRRESISTIBLE DANCE,,ENCH,,,,,,,9m,,"OTTO'S IRRESTISTIBLE 
DANCE",10,CONTROL,FALSE,WIS,,TRUE,FALSE,FALSE,FALSE,FALSE,FALSE,FALSE,FALSE,FALSE,FALSE,FALSE,TRUE,,
"
",6,FALSE,6,PLANAR ALLY: CAMBION,Planar Ally: Cambion,PLANAR ALLY: CAMBION,,CONJ,,,,,"SEE MINIONS 
AND NPCS",,18m,,,,SUMMON,FALSE,,,FALSE,TRUE,FALSE,FALSE,FALSE,FALSE,FALSE,FALSE,FALSE,FALSE,FALSE,FALSE,,
"
",6,FALSE,6,PLANAR ALLY: DEVA,Planar Ally: Deva,PLANAR ALLY: DEVA,,CONJ,,,,,"SEE MINIONS 
AND NPCS",,18m,,,,SUMMON,FALSE,,,FALSE,FALSE,FALSE,FALSE,FALSE,FALSE,FALSE,FALSE,FALSE,FALSE,FALSE,FALSE,,
"
",6,FALSE,6,PLANAR ALLY: DJINNI,Planar Ally: Djinni,PLANAR ALLY: DJINNI,,CONJ,,,,,"SEE MINIONS 
AND NPCS",,18m,,,,SUMMON,FALSE,,,FALSE,FALSE,TRUE,FALSE,FALSE,FALSE,FALSE,FALSE,FALSE,FALSE,FALSE,FALSE,,
"
",6,FALSE,6,SUNBEAM,Sunbeam,SUNBEAM,,EVOC,,,,,6D8,RADIANT,Self,18m (L),"SUNBEAM*
BILNDED",10,,FALSE,CON,,FALSE,FALSE,FALSE,TRUE,FALSE,FALSE,FALSE,FALSE,TRUE,FALSE,FALSE,TRUE,,
"
",6,FALSE,6,WALL OF ICE,Wall of Ice,WALL OF ICE,,EVOC,,,,,"10D6
10D6 ON DEATH",COLD,18m,,,10,,TRUE,DEX,,FALSE,FALSE,FALSE,FALSE,FALSE,FALSE,FALSE,FALSE,FALSE,FALSE,FALSE,TRUE,,
"
",6,FALSE,6,WALL OF THORNS,Wall of Thorns,WALL OF THORNS,,CONJ,,,,,7D8 PER TURN,PIERCING,18m,,"WALL OF THORNS
DIFFICULT TERRAIN
ENTANGLED",LR,CONTROL,TRUE,DEX,,FALSE,FALSE,TRUE,TRUE,FALSE,FALSE,FALSE,FALSE,FALSE,FALSE,FALSE,FALSE,,
"
",6,FALSE,6,WIND WALK,Wind Walk,WIND WALK,,TRAN,,,,,,,9m,,GASEOUS FORM,LR,,FALSE,,,FALSE,FALSE,FALSE,TRUE,FALSE,FALSE,FALSE,FALSE,FALSE,FALSE,FALSE,FALSE,,
,,,,,,,,,,,,,,,,,,,,,,,,,,,,,,,,,,,,AK229